poll_id,cycle,pollster,commissioner,fieldwork_start,fieldwork_end,sample_size,turnout,is_election,ALIANCA,BILDU,BNG,CC,COMPROMIS,CS,CUP,ERC,EV,IU,JUNTS,MASPAIS,PACMA,PNV,PODEMOS,PP,PRC,PSOE,SALF,SUMAR,TE,UP,UPN,VOX
e2016-0002,e2016,IMOP,Llorente & Cuenca,2016-01-09,2016-01-11,1000.0,69.0,False,,0.9,,,,11.8,,2.3,,3.4,1.8,,,1.2,19.5,31.4,,23.5,,,,,,
e2016-0003,e2016,Simple Lógica,,2016-01-04,2016-01-12,1050.0,77.1,False,,,,,,14.7,,,,4.8,,,,,21.3,30.0,,20.4,,,,,,
e2016-0004,e2016,Metroscopia,El País,2016-01-12,2016-01-14,1200.0,76.4,False,,,,,,16.6,,,,3.2,,,,,22.5,29.0,,21.1,,,,,,
e2016-0007,e2016,Celeste-Tel,eldiario.es,2016-01-04,2016-01-15,1100.0,67.5,False,,0.9,,0.3,,12.6,,2.5,,3.3,2.1,,1.0,1.1,22.1,30.2,,21.9,,,,,,
e2016-0012,e2016,GAD3,ABC,2016-01-15,2016-01-21,802.0,70.0,False,,1.1,,0.3,,13.4,,2.4,,2.9,2.1,,,1.1,20.0,30.1,,21.3,,,,,,
e2016-0013,e2016,NC Report,La Razón,2016-01-04,2016-01-21,1900.0,65.6,False,,0.8,,0.3,,12.0,,2.4,,3.4,2.2,,,1.2,21.9,30.7,,21.1,,,,,,
e2016-0014,e2016,Metroscopia,El País,2016-02-03,2016-02-04,1000.0,73.0,False,,,,,,18.5,,,,4.3,,,,,19.9,24.0,,23.3,,,,,,
e2016-0015,e2016,Celeste-Tel,eldiario.es,2016-02-01,2016-02-05,1100.0,66.6,False,,0.8,,0.4,,15.1,,2.7,,3.7,2.0,,1.0,1.2,20.4,28.5,,22.4,,,,,,
e2016-0017,e2016,Simple Lógica,,2016-02-01,2016-02-05,1048.0,75.6,False,,,,,,18.9,,,,5.1,,,,,20.3,26.9,,21.7,,,,,,
e2016-0020,e2016,GAD3,ABC,2016-02-08,2016-02-11,800.0,68.0,False,,0.7,,0.3,,14.9,,2.6,,3.3,1.9,,,1.4,21.4,27.9,,20.8,,,,,,
e2016-0023,e2016,NC Report,La Razón,2016-02-10,2016-02-18,1400.0,65.3,False,,0.8,,0.3,,14.2,,2.5,,3.4,2.0,,,1.2,21.1,28.9,,21.4,,,,,,
e2016-0029,e2016,NC Report,La Razón,2016-03-01,2016-03-04,1400.0,65.0,False,,0.8,,0.4,,14.9,,2.4,,4.2,1.9,,,1.2,20.2,29.2,,21.8,,,,,,
e2016-0030,e2016,Celeste-Tel,eldiario.es,2016-03-02,2016-03-05,1100.0,66.1,False,,0.8,,0.3,,15.7,,2.5,,4.6,1.9,,1.0,1.1,19.6,28.6,,22.6,,,,,,
e2016-0033,e2016,Metroscopia,El País,2016-03-08,2016-03-09,1200.0,75.0,False,,,,,,19.5,,,,5.4,,,,,16.8,26.0,,23.1,,,,,,
e2016-0034,e2016,Simple Lógica,,2016-03-01,2016-03-09,1206.0,72.5,False,,,,,,17.1,,,,7.9,,,,,18.3,26.2,,21.6,,,,,,
e2016-0035,e2016,GAD3,ABC,2016-03-07,2016-03-10,800.0,67.0,False,,0.7,,0.3,,14.1,,2.9,,3.2,1.8,,,1.2,18.7,28.2,,24.2,,,,,,
e2016-0039,e2016,NC Report,La Razón,2016-03-13,2016-03-17,1000.0,64.7,False,,0.8,,0.4,,15.1,,2.3,,4.4,1.8,,,1.2,19.5,29.3,,22.1,,,,,,
e2016-0042,e2016,Metroscopia,El País,2016-03-28,2016-03-30,1200.0,73.0,False,,,,,,18.8,,,,6.9,,,,,15.9,27.7,,21.0,,,,,,
e2016-0047,e2016,Redondo & Asociados,Tiempo,2016-03-28,2016-04-04,1000.0,69.7,False,,0.7,,0.3,,15.7,,2.4,,4.9,1.7,,,1.3,19.1,29.1,,21.8,,,,,,
e2016-0048,e2016,Celeste-Tel,eldiario.es,2016-04-01,2016-04-05,1100.0,64.9,False,,0.7,,0.3,,15.9,,2.7,,4.5,1.8,,1.0,1.1,19.4,29.1,,22.2,,,,,,
e2016-0051,e2016,Metroscopia,,2016-04-05,2016-04-06,1200.0,70.0,False,,,,,,17.7,,,,6.7,,,,,17.0,29.0,,20.1,,,,,,
e2016-0052,e2016,GAD3,ABC,2016-04-06,2016-04-07,800.0,68.0,False,,0.8,,0.2,,14.4,,2.3,,6.7,2.0,,,1.1,15.5,29.2,,23.3,,,,,,
e2016-0055,e2016,IMOP,Llorente & Cuenca,2016-04-06,2016-04-10,1027.0,69.0,False,,0.7,,,,16.6,,2.2,,7.5,1.7,,,1.1,15.6,28.8,,22.2,,,,,,
e2016-0057,e2016,Simple Lógica,,2016-04-04,2016-04-12,1047.0,73.8,False,,,,,,17.7,,,,6.9,,,,,16.9,28.3,,20.6,,,,,,
e2016-0060,e2016,TNS Demoscopia,,2016-04-12,2016-04-14,1000.0,68.5,False,,,,,,15.8,,,,6.0,,,,,17.5,29.4,,22.3,,,,,,
e2016-0062,e2016,NC Report,La Razón,2016-04-12,2016-04-16,2400.0,64.2,False,,0.7,,0.3,,15.4,,2.2,,4.5,1.5,,,1.2,20.9,29.8,,20.7,,,,,,
e2016-0066,e2016,NC Report,La Razón,2016-04-18,2016-04-23,2000.0,63.9,False,,,,,,15.2,,,,4.6,,,,,21.2,29.9,,20.5,,,,,,
e2016-0067,e2016,Metroscopia,El País,2016-04-26,2016-04-28,1200.0,70.0,False,,,,,,16.9,,,,6.6,,,,,18.1,29.0,,20.3,,,,,,
e2016-0068,e2016,GAD3,ABC,2016-04-26,2016-04-29,800.0,69.0,False,,0.9,,0.4,,13.9,,2.1,,5.3,1.8,,,1.3,17.0,29.3,,22.6,,,,,,
e2016-0070,e2016,NC Report,La Razón,2016-04-18,2016-04-30,2000.0,63.9,False,,,,,,15.0,,,,5.0,,,,,20.9,29.9,,20.4,,,,,,
e2016-0072,e2016,Celeste-Tel,eldiario.es,2016-05-02,2016-05-06,1100.0,64.5,False,,0.9,,0.3,,15.5,,2.4,,,1.5,,1.0,1.2,,29.2,,22.4,,,,24.2,,
e2016-0073,e2016,NC Report,La Razón,2016-04-25,2016-05-07,2000.0,63.6,False,,0.8,,0.3,,15.0,,2.1,,,1.5,,,1.2,,30.2,,20.8,,,,24.7,,
e2016-0074,e2016,Simple Lógica,,2016-05-02,2016-05-10,1035.0,71.7,False,,,,,,17.7,,,,7.9,,,,,14.2,29.9,,21.5,,,,,,
e2016-0079,e2016,Redondo & Asociados,Tiempo,2016-05-13,2016-05-17,1000.0,70.1,False,,0.9,,0.3,,15.1,,2.2,,,1.5,,,1.1,,29.4,,21.2,,,,24.3,,
e2016-0081,e2016,Metroscopia,El País,2016-05-17,2016-05-18,1200.0,72.0,False,,,,,,16.4,,,,,,,,,,28.4,,20.1,,,,22.9,,
e2016-0082,e2016,Celeste-Tel,eldiario.es,2016-05-16,2016-05-20,1100.0,65.0,False,,0.9,,0.3,,14.9,,2.3,,,1.5,,1.1,1.2,,29.5,,22.0,,,,24.2,,
e2016-0083,e2016,NC Report,La Razón,2016-05-09,2016-05-20,2500.0,63.5,False,,0.8,,0.3,,14.5,,2.3,,,1.5,,,1.1,,30.4,,21.1,,,,24.9,,
e2016-0088,e2016,GAD3,ABC,2016-05-23,2016-05-26,1000.0,70.0,False,,0.9,,0.3,,14.8,,2.4,,,2.2,,,1.2,,29.6,,21.6,,,,22.5,,
e2016-0093,e2016,Metroscopia,El País,2016-05-31,2016-06-01,1200.0,68.0,False,,,,,,16.6,,,,,,,,,,28.5,,20.2,,,,25.6,,
e2016-0095,e2016,NC Report,La Razón,2016-05-30,2016-06-03,2000.0,63.9,False,,0.8,,0.3,,13.9,,2.3,,,1.7,,,1.1,,30.5,,21.4,,,,24.5,,
e2016-0098,e2016,Celeste-Tel,eldiario.es,2016-06-01,2016-06-07,1100.0,65.6,False,,0.9,,0.3,,14.3,,2.4,,,1.7,,1.0,1.2,,29.7,,22.1,,,,24.4,,
e2016-0101,e2016,Metroscopia,El País,2016-06-07,2016-06-08,1200.0,70.0,False,,,,,,15.9,,,,,,,,,,28.9,,20.8,,,,25.4,,
e2016-0102,e2016,GAD3,La Vanguardia,2016-06-06,2016-06-09,1016.0,70.0,False,,0.9,,0.3,,14.9,,2.4,,,1.8,,,1.2,,29.8,,21.4,,,,24.3,,
e2016-0105,e2016,SYM Consulting,Valencia Plaza,2016-06-07,2016-06-10,1816.0,72.8,False,,,,,,13.4,,,,,,,,,,29.7,,22.9,,,,24.4,,
e2016-0107,e2016,TNS Demoscopia,,2016-06-06,2016-06-12,500.0,69.5,False,,,,,,15.6,,,,,,,,,,29.0,,21.3,,,,24.5,,
e2016-0109,e2016,GESOP,El Periódico,2016-06-11,2016-06-13,900.0,71.0,False,,,,,,14.9,,,,,,,,,,28.0,,21.0,,,,24.9,,
e2016-0110,e2016,Celeste-Tel,eldiario.es,2016-06-08,2016-06-14,1100.0,66.3,False,,0.8,,0.3,,13.8,,2.4,,,1.7,,1.0,1.2,,29.8,,22.0,,,,24.9,,
e2016-0112,e2016,GESOP,El Periódico,2016-06-12,2016-06-14,900.0,70.0,False,,,,,,15.2,,,,,,,,,,27.8,,21.1,,,,24.7,,
e2016-0113,e2016,Metroscopia,El País,2016-06-13,2016-06-15,1800.0,70.0,False,,,,,,14.5,,,,,,,,,,29.0,,20.5,,,,26.0,,
e2016-0115,e2016,DYM,El Confidencial,2016-06-14,2016-06-15,1011.0,72.5,False,,,,,,15.2,,,,,,,,,,29.0,,21.0,,,,24.9,,
e2016-0116,e2016,Simple Lógica,,2016-06-01,2016-06-15,1226.0,70.9,False,,,,,,15.4,,,,,,,,,,29.2,,22.5,,,,23.5,,
e2016-0117,e2016,GESOP,El Periódico,2016-06-13,2016-06-15,900.0,69.0,False,,,,,,15.4,,,,,,,,,,28.3,,20.8,,,,24.5,,
e2016-0119,e2016,Celeste-Tel,eldiario.es,2016-06-13,2016-06-16,1100.0,66.4,False,,0.8,,0.3,,13.4,,2.4,,,1.7,,0.8,1.2,,30.3,,21.8,,,,25.1,,
e2016-0123,e2016,GESOP,El Periódico,2016-06-14,2016-06-16,900.0,70.0,False,,,,,,15.6,,,,,,,,,,28.6,,20.8,,,,24.1,,
e2016-0124,e2016,A+M,20minutos,2016-06-13,2016-06-17,4000.0,68.8,False,,0.8,,0.2,,16.2,,2.3,,,1.7,,,1.1,,28.8,,21.7,,,,24.3,,
e2016-0125,e2016,NC Report,La Razón,2016-06-05,2016-06-17,2000.0,64.6,False,,0.8,,0.3,,13.2,,2.3,,,1.7,,,1.1,,31.1,,21.2,,,,25.4,,
e2016-0126,e2016,Hamalgama Métrica,La Provincia,2016-06-08,2016-06-17,1450.0,69.7,False,,0.8,,0.3,,12.5,,2.1,,,2.0,,,1.3,,30.4,,21.0,,,,26.2,,
e2016-0127,e2016,Celeste-Tel,eldiario.es,2016-06-14,2016-06-17,1100.0,66.5,False,,0.8,,0.3,,13.3,,2.4,,,1.7,,0.8,1.1,,30.5,,21.8,,,,25.3,,
e2016-0129,e2016,GESOP,El Periódico,2016-06-15,2016-06-17,900.0,71.0,False,,,,,,15.6,,,,,,,,,,28.3,,21.2,,,,24.2,,
e2016-0130,e2016,GESOP,El Periódico,2016-06-16,2016-06-18,900.0,72.0,False,,,,,,15.4,,,,,,,,,,28.8,,21.6,,,,23.7,,
e2016-0134,e2016,TNS Demoscopia,,2016-06-13,2016-06-19,500.0,70.5,False,,,,,,14.8,,,,,,,,,,29.6,,21.0,,,,24.7,,
e2016-0135,e2016,GESOP,El Periódico,2016-06-17,2016-06-19,900.0,71.0,False,,,,,,14.9,,,,,,,,,,28.3,,21.9,,,,24.0,,
e2016-0140,e2016,GESOP,El Periòdic,2016-06-18,2016-06-20,900.0,70.0,False,,,,,,14.9,,,,,,,,,,29.0,,21.5,,,,23.7,,
e2016-0142,e2016,GESOP,El Periòdic,2016-06-19,2016-06-21,900.0,69.0,False,,,,,,15.2,,,,,,,,,,28.5,,21.5,,,,23.7,,
e2016-0143,e2016,GESOP,El Periòdic,2016-06-20,2016-06-22,900.0,70.0,False,,,,,,15.2,,,,,,,,,,28.2,,21.7,,,,23.6,,
e2016-0145,e2016,GESOP,El Periòdic,2016-06-21,2016-06-23,900.0,70.0,False,,,,,,15.2,,,,,,,,,,28.0,,21.8,,,,24.0,,
e2016-0147,e2016,GESOP,El Periòdic,2016-06-22,2016-06-24,900.0,71.0,False,,,,,,14.9,,,,,,,,,,28.7,,21.6,,,,23.7,,
e2016-0149,e2016,GESOP,El Periòdic,2016-06-23,2016-06-25,1000.0,69.0,False,,,,,,14.5,,,,,,,,,,28.7,,21.6,,,,23.9,,
e2019apr-0155,e2019apr,Simple Lógica,,2016-07-01,2016-07-15,1033.0,66.8,False,,,,,,14.1,,,,,,,,,,33.5,,22.3,,,,21.6,,
e2019apr-0156,e2019apr,NC Report,La Razón,2016-07-18,2016-07-25,1000.0,61.0,False,,0.7,,0.3,,12.3,,2.9,,,2.0,,,1.2,,34.1,,22.2,,,,21.0,,0.2
e2019apr-0158,e2019apr,Simple Lógica,,2016-08-01,2016-08-10,1049.0,65.5,False,,,,,,12.3,,,,,,,,,,35.4,,22.8,,,,21.3,,
e2019apr-0159,e2019apr,Celeste-Tel,eldiario.es,2016-08-22,2016-08-27,1100.0,61.8,False,,0.8,,0.3,,12.7,,2.5,,,2.0,,1.3,1.3,,34.0,,22.3,,,,20.9,,
e2019apr-0160,e2019apr,NC Report,La Razón,2016-08-29,2016-09-03,1000.0,60.1,False,,0.8,,0.3,,12.1,,2.8,,,1.9,,,1.2,,34.8,,22.4,,,,20.7,,0.3
e2019apr-0161,e2019apr,Estudio de Sociología Consultores,,2016-09-01,2016-09-07,1100.0,67.8,False,,,,,,11.5,,,,,,,,,,34.7,,22.5,,,,19.5,,
e2019apr-0162,e2019apr,Metroscopia,El País,2016-09-06,2016-09-08,1294.0,63.0,False,,,,,,12.0,,,,,,,,,,34.8,,21.3,,,,21.1,,
e2019apr-0163,e2019apr,GAD3,ABC,2016-09-06,2016-09-09,802.0,63.0,False,,0.8,,0.3,,12.9,,2.7,,,2.1,,,1.2,,33.9,,21.1,,,,20.5,,
e2019apr-0166,e2019apr,Simple Lógica,,2016-09-01,2016-09-14,1046.0,65.2,False,,,,,,12.8,,,,,,,,,,33.6,,23.7,,,,20.0,,
e2019apr-0167,e2019apr,MyWord,Cadena SER,2016-09-09,2016-09-14,995.0,60.4,False,,,,,,12.9,,,,,,,,,,33.4,,22.0,,,,20.6,,
e2019apr-0169,e2019apr,SocioMétrica,El Español,2016-09-26,2016-09-30,1000.0,59.8,False,,0.9,,0.3,,14.6,,2.8,,,1.9,,,1.4,,33.8,,19.9,,,,21.4,,
e2019apr-0170,e2019apr,GAD3,ABC,2016-09-05,2016-09-30,3400.0,61.0,False,,1.0,,0.4,,11.9,,2.8,,,2.1,,,1.4,,36.4,,18.6,,,,20.8,,
e2019apr-0172,e2019apr,Celeste-Tel,eldiario.es,2016-10-01,2016-10-06,1100.0,60.1,False,,0.8,,0.3,,12.5,,2.8,,,2.0,,1.3,1.2,,36.1,,20.9,,,,20.5,,
e2019apr-0173,e2019apr,DYM,El Confidencial,2016-09-27,2016-10-06,1132.0,65.0,False,,,,,,11.8,,,,,,,,,,36.2,,19.6,,,,21.7,,
e2019apr-0174,e2019apr,NC Report,La Razón,2016-10-03,2016-10-07,500.0,57.8,False,,,,,,11.9,,,,,,,,,,36.7,,19.9,,,,20.6,,0.3
e2019apr-0176,e2019apr,Estudio de Sociología Consultores,,2016-10-03,2016-10-07,1100.0,64.2,False,,,,,,12.5,,,,,,,,,,36.5,,19.4,,,,18.6,,
e2019apr-0178,e2019apr,Simple Lógica,,2016-10-03,2016-10-11,1002.0,64.0,False,,,,,,13.9,,,,,,,,,,36.8,,15.9,,,,23.5,,
e2019apr-0179,e2019apr,Metroscopia,El País,2016-10-10,2016-10-13,1388.0,65.0,False,,,,,,11.6,,,,,,,,,,37.8,,18.0,,,,22.1,,
e2019apr-0182,e2019apr,Celeste-Tel,eldiario.es,2016-11-02,2016-11-07,1100.0,59.3,False,,0.9,,0.3,,12.8,,2.8,,,2.0,,1.3,1.2,,36.2,,20.4,,,,20.2,,
e2019apr-0183,e2019apr,Simple Lógica,,2016-11-02,2016-11-08,1003.0,63.7,False,,,,,,14.5,,,,,,,,,,34.1,,17.6,,,,22.9,,
e2019apr-0184,e2019apr,Metroscopia,El País,2016-11-07,2016-11-11,1302.0,65.0,False,,,,,,13.0,,,,,,,,,,35.7,,17.9,,,,23.1,,
e2019apr-0185,e2019apr,Estudio de Sociología Consultores,,2016-11-07,2016-11-12,1100.0,64.6,False,,,,,,14.0,,,,,,,,,,36.8,,18.1,,,,18.2,,
e2019apr-0188,e2019apr,NC Report,La Razón,2016-11-15,2016-11-19,1000.0,57.3,False,,0.9,,0.3,,11.4,,2.8,,,1.6,,,1.1,,36.9,,19.5,,,,20.6,,0.3
e2019apr-0190,e2019apr,Metroscopia,El País,2016-11-23,2016-11-30,2650.0,67.0,False,,,,,,14.5,,,,,,,,,,34.2,,17.9,,,,22.9,,
e2019apr-0193,e2019apr,Celeste-Tel,eldiario.es,2016-12-01,2016-12-07,1100.0,58.9,False,,0.9,,0.3,,12.7,,2.8,,,1.9,,1.4,1.2,,35.9,,20.2,,,,20.7,,
e2019apr-0194,e2019apr,Simple Lógica,,2016-12-01,2016-12-07,1000.0,66.6,False,,,,,,14.5,,,,,,,,,,33.9,,19.9,,,,21.0,,
e2019apr-0195,e2019apr,GAD3,ABC,2016-12-13,2016-12-16,800.0,63.0,False,,0.9,,0.3,,14.2,,2.8,,,2.1,,,1.2,,34.1,,19.2,,,,21.6,,
e2019apr-0197,e2019apr,NC Report,La Razón,2016-12-13,2016-12-17,1000.0,57.8,False,,1.0,,0.3,,11.6,,2.7,,,1.8,,,1.1,,36.9,,19.3,,,,21.2,,0.4
e2019apr-0204,e2019apr,Celeste-Tel,eldiario.es,2017-01-02,2017-01-09,1100.0,58.7,False,,0.9,,0.3,,12.4,,2.8,,,1.9,,1.4,1.2,,35.9,,20.7,,,,20.3,,
e2019apr-0206,e2019apr,Metroscopia,El País,2017-01-10,2017-01-12,1578.0,68.0,False,,,,,,15.5,,,,,,,,,,33.2,,19.1,,,,21.7,,
e2019apr-0210,e2019apr,NC Report,La Razón,2017-01-28,2017-02-02,1000.0,58.0,False,,1.0,,0.3,,11.5,,2.7,,,1.8,,,1.1,,36.8,,19.9,,,,20.8,,0.3
e2019apr-0211,e2019apr,GAD3,ABC,2017-01-25,2017-02-02,805.0,62.0,False,,0.8,,0.3,,13.8,,2.8,,,1.6,,,1.2,,34.2,,20.4,,,,20.8,,
e2019apr-0213,e2019apr,Celeste-Tel,eldiario.es,2017-02-01,2017-02-07,1100.0,58.4,False,,0.9,,0.3,,12.1,,2.8,,,1.8,,1.4,1.2,,35.7,,21.3,,,,19.7,,
e2019apr-0214,e2019apr,Simple Lógica,,2017-02-06,2017-02-10,1005.0,68.1,False,,,,,,13.7,,,,,,,,,,31.0,,21.4,,,,22.6,,
e2019apr-0221,e2019apr,Celeste-Tel,eldiario.es,2017-03-01,2017-03-07,1100.0,58.1,False,,0.9,,0.3,,12.1,,2.8,,,1.6,,1.4,1.2,,35.6,,22.1,,,,19.3,,
e2019apr-0222,e2019apr,Simple Lógica,,2017-03-01,2017-03-09,1006.0,66.1,False,,,,,,15.7,,,,,,,,,,29.9,,20.9,,,,20.0,,
e2019apr-0223,e2019apr,Metroscopia,El País,2017-03-06,2017-03-09,1230.0,68.0,False,,,,,,16.5,,,,,,,,,,31.2,,19.0,,,,21.5,,
e2019apr-0226,e2019apr,NC Report,La Razón,2017-03-13,2017-03-17,1000.0,58.5,False,,1.0,,0.3,,11.3,,2.7,,,1.6,,,1.1,,37.0,,20.8,,,,20.2,,0.3
e2019apr-0230,e2019apr,Metroscopia,El País,2017-03-30,2017-04-06,3166.0,69.0,False,,,,,,17.4,,,,,,,,,,30.2,,20.2,,,,20.7,,
e2019apr-0231,e2019apr,Celeste-Tel,eldiario.es,2017-04-03,2017-04-07,1100.0,58.0,False,,0.9,,0.3,,12.9,,2.8,,,1.5,,1.3,1.1,,35.1,,22.3,,,,19.2,,
e2019apr-0233,e2019apr,Simple Lógica,,2017-04-03,2017-04-10,1008.0,68.1,False,,,,,,13.9,,,,,,,,,,30.8,,23.8,,,,19.3,,
e2019apr-0234,e2019apr,NC Report,La Razón,2017-04-05,2017-04-11,1000.0,58.0,False,,0.9,,0.3,,11.8,,2.7,,,1.5,,,1.0,,36.8,,21.0,,,,20.2,,0.2
e2019apr-0237,e2019apr,Celeste-Tel,eldiario.es,2017-05-02,2017-05-05,1100.0,57.8,False,,0.9,,0.3,,12.7,,2.8,,,1.5,,1.2,1.2,,34.8,,22.5,,,,19.3,,
e2019apr-0240,e2019apr,Simple Lógica,,2017-05-03,2017-05-12,1002.0,65.1,False,,,,,,14.8,,,,,,,,,,30.9,,22.3,,,,19.8,,
e2019apr-0244,e2019apr,NC Report,La Razón,2017-05-22,2017-06-01,1000.0,58.4,False,,0.9,,0.3,,12.6,,2.8,,,1.5,,,1.1,,36.0,,20.5,,,,20.2,,0.3
e2019apr-0245,e2019apr,GAD3,ABC,2017-05-29,2017-06-01,805.0,65.0,False,,0.8,,0.3,,15.4,,2.9,,,1.5,,,1.4,,30.7,,25.9,,,,17.8,,
e2019apr-0247,e2019apr,Metroscopia,El País,2017-05-29,2017-06-01,1768.0,69.0,False,,,,,,18.7,,,,,,,,,,25.9,,22.8,,,,19.2,,
e2019apr-0248,e2019apr,Celeste-Tel,eldiario.es,2017-06-01,2017-06-07,1100.0,59.1,False,,1.0,,0.3,,14.5,,2.8,,,1.4,,1.6,1.2,,31.9,,23.5,,,,19.0,,
e2019apr-0250,e2019apr,Simple Lógica,,2017-06-05,2017-06-09,1004.0,70.5,False,,,,,,16.8,,,,,,,,,,29.9,,25.3,,,,18.6,,
e2019apr-0254,e2019apr,Metroscopia,El País,2017-06-27,2017-06-28,1017.0,69.0,False,,,,,,18.8,,,,,,,,,,25.5,,21.6,,,,20.6,,
e2019apr-0257,e2019apr,Celeste-Tel,eldiario.es,2017-07-03,2017-07-07,1100.0,59.3,False,,0.8,,0.3,,15.1,,2.9,,,1.3,,1.4,1.1,,31.6,,24.4,,,,18.8,,
e2019apr-0258,e2019apr,NC Report,La Razón,2017-07-09,2017-07-09,1000.0,58.2,False,,0.9,,0.3,,13.9,,2.9,,,1.2,,,1.0,,34.2,,22.3,,,,19.1,,0.4
e2019apr-0260,e2019apr,Simple Lógica,,2017-07-03,2017-07-10,1003.0,69.8,False,,,,,,17.2,,,,,,,,,,27.2,,24.1,,,,20.4,,
e2019apr-0263,e2019apr,Metroscopia,El País,2017-07-14,2017-07-18,1700.0,69.0,False,,,,,,18.5,,,,,,,,,,26.9,,22.0,,,,19.7,,
e2019apr-0265,e2019apr,Celeste-Tel,eldiario.es,2017-08-01,2017-08-07,1100.0,59.8,False,,0.9,,0.3,,14.9,,2.9,,,1.4,,1.3,1.2,,31.1,,25.0,,,,18.9,,
e2019apr-0270,e2019apr,Celeste-Tel,eldiario.es,2017-09-01,2017-09-08,1100.0,60.1,False,,0.9,,0.3,,14.9,,2.9,,,1.3,,1.3,1.2,,30.9,,25.4,,,,18.7,,
e2019apr-0271,e2019apr,GAD3,ABC,2017-09-04,2017-09-08,1000.0,69.0,False,,0.7,,0.3,,15.8,,3.5,,,1.3,,,1.4,,31.9,,23.9,,,,18.3,,
e2019apr-0272,e2019apr,Simple Lógica,,2017-09-05,2017-09-14,1078.0,68.1,False,,,,,,15.8,,,,,,,,,,30.1,,25.0,,,,18.8,,
e2019apr-0275,e2019apr,Celeste-Tel,eldiario.es,2017-10-09,2017-10-10,1100.0,59.4,False,,0.9,,0.3,,17.2,,2.8,,,1.3,,1.4,1.2,,30.6,,23.6,,,,18.1,,
e2019apr-0276,e2019apr,Simple Lógica,,2017-10-02,2017-10-10,1053.0,67.7,False,,,,,,20.7,,,,,,,,,,27.7,,24.2,,,,16.6,,
e2019apr-0279,e2019apr,NC Report,La Razón,2017-10-11,2017-10-14,1000.0,58.7,False,,0.8,,0.3,,17.8,,3.0,,,1.3,,,1.1,,31.4,,22.0,,,,17.5,,0.6
e2019apr-0285,e2019apr,Metroscopia,El País,2017-11-06,2017-11-08,1730.0,70.0,False,,,,,,22.7,,,,,,,,,,26.1,,22.7,,,,14.7,,
e2019apr-0286,e2019apr,Simple Lógica,,2017-11-02,2017-11-08,1071.0,70.3,False,,,,,,21.6,,,,,,,,,,27.1,,24.8,,,,15.1,,
e2019apr-0287,e2019apr,Celeste-Tel,eldiario.es,2017-11-06,2017-11-10,1100.0,60.2,False,,0.9,,0.3,,17.5,,2.7,,,1.3,,1.3,1.2,,30.3,,24.2,,,,17.7,,
e2019apr-0289,e2019apr,Celeste-Tel,eldiario.es,2017-12-01,2017-12-07,1100.0,61.1,False,,,,,,17.7,,,,,,,,,,30.2,,24.7,,,,17.4,,
e2019apr-0290,e2019apr,Simple Lógica,,2017-12-05,2017-12-13,1077.0,70.1,False,,,,,,22.8,,,,,,,,,,24.8,,23.8,,,,16.3,,
e2019apr-0292,e2019apr,SocioMétrica,El Español,2017-12-22,2017-12-29,1000.0,76.7,False,,0.7,,0.5,,23.9,,3.5,,,1.9,,1.4,1.1,,24.1,,22.5,,,,16.2,,1.7
e2019apr-0294,e2019apr,NC Report,La Razón,2017-12-26,2017-12-30,1000.0,59.8,False,,0.8,,0.3,,18.8,,3.0,,,1.3,,,1.1,,30.0,,23.8,,,,16.1,,0.7
e2019apr-0295,e2019apr,Celeste-Tel,eldiario.es,2018-01-02,2018-01-05,1100.0,61.9,False,,0.9,,0.3,,18.6,,2.5,,,1.7,,1.2,1.2,,29.8,,25.1,,,,16.9,,0.2
e2019apr-0296,e2019apr,Simple Lógica,,2018-01-02,2018-01-08,1079.0,68.5,False,,,,,,24.1,,,,,,,,,,21.8,,23.4,,,,17.8,,
e2019apr-0297,e2019apr,GAD3,ABC,2018-01-08,2018-01-11,800.0,71.0,False,,0.7,,0.3,,26.2,,2.9,,,1.9,,,1.3,,24.7,,24.2,,,,14.7,,
e2019apr-0298,e2019apr,Metroscopia,El País,2018-01-09,2018-01-11,1332.0,70.0,False,,,,,,27.1,,,,,,,,,,23.2,,21.6,,,,15.1,,
e2019apr-0299,e2019apr,CIS,,2018-01-02,2018-01-14,2477.0,68.4,False,,,,,,22.0,,,,,,,,,,26.6,,21.8,,,,17.8,,
e2019apr-0303,e2019apr,Simple Lógica,,2018-02-01,2018-02-07,1065.0,68.4,False,,,,,,28.7,,,,,,,,,,22.2,,21.4,,,,17.0,,
e2019apr-0304,e2019apr,Metroscopia,El País,2018-02-05,2018-02-08,1321.0,70.0,False,,,,,,28.3,,,,,,,,,,21.9,,20.1,,,,16.8,,
e2019apr-0305,e2019apr,Celeste-Tel,eldiario.es,2018-02-05,2018-02-09,1100.0,63.1,False,,0.9,,0.3,,19.3,,2.7,,,1.6,,1.2,1.3,,28.9,,25.5,,,,16.5,,0.2
e2019apr-0309,e2019apr,IMOP,El Confidencial,2018-02-22,2018-02-27,1402.0,72.5,False,,0.8,,,,28.5,,3.0,,,1.7,,2.0,1.1,,21.4,,21.5,,,,17.0,,
e2019apr-0310,e2019apr,NC Report,La Razón,2018-02-26,2018-03-02,1000.0,62.0,False,,0.8,,0.3,,22.1,,2.8,,,1.5,,,1.2,,27.9,,24.0,,,,15.8,,0.7
e2019apr-0312,e2019apr,Metroscopia,El País,2018-03-02,2018-03-05,1175.0,66.0,False,,,,,,28.9,,,,,,,,,,21.5,,19.4,,,,17.0,,
e2019apr-0313,e2019apr,Celeste-Tel,eldiario.es,2018-03-01,2018-03-07,1100.0,63.7,False,,0.9,,0.3,,23.5,,2.6,,,1.6,,1.2,1.3,,26.6,,24.3,,,,16.2,,0.3
e2019apr-0314,e2019apr,Simple Lógica,,2018-03-01,2018-03-07,1076.0,67.5,False,,,,,,29.6,,,,,,,,,,20.0,,21.0,,,,17.3,,
e2019apr-0315,e2019apr,GAD3,La Vanguardia,2018-03-12,2018-03-14,1008.0,69.0,False,,0.6,,0.3,,27.3,,2.9,,,1.6,,,1.4,,23.8,,22.1,,,,16.7,,
e2019apr-0319,e2019apr,SocioMétrica,El Español,2018-03-19,2018-03-29,1000.0,72.0,False,,0.9,,0.5,,27.4,,4.0,,,1.5,,,1.1,,21.9,,19.4,,,,16.2,,1.5
e2019apr-0321,e2019apr,Metroscopia,El País,2018-04-04,2018-04-05,1278.0,65.0,False,,,,,,28.7,,,,,,,,,,20.4,,19.1,,,,18.3,,
e2019apr-0323,e2019apr,Simple Lógica,,2018-04-02,2018-04-09,1062.0,66.9,False,,,,,,29.9,,,,,,,,,,19.0,,20.2,,,,17.6,,
e2019apr-0324,e2019apr,CIS,,2018-04-01,2018-04-10,2466.0,67.1,False,,0.6,,,,24.6,,2.9,,,1.9,,,0.8,,24.4,,20.9,,,,19.6,,
e2019apr-0325,e2019apr,NC Report,La Razón,2018-04-09,2018-04-13,1000.0,63.0,False,,0.8,,0.3,,24.3,,2.9,,,1.4,,,1.1,,26.3,,23.5,,,,16.2,,0.9
e2019apr-0328,e2019apr,Celeste-Tel,PSOE,2018-04-26,2018-04-30,1000.0,62.7,False,,0.8,,0.3,,19.7,,3.6,,,1.5,,,1.2,,26.0,,24.9,,,,17.7,,
e2019apr-0329,e2019apr,Celeste-Tel,eldiario.es,2018-05-02,2018-05-07,1100.0,62.7,False,,,,,,23.5,,,,,,,,,,24.7,,24.2,,,,16.9,,0.4
e2019apr-0330,e2019apr,Metroscopia,El País,2018-05-07,2018-05-09,1726.0,65.0,False,,,,,,29.1,,,,,,,,,,19.5,,19.0,,,,19.8,,
e2019apr-0331,e2019apr,Simple Lógica,,2018-05-03,2018-05-10,1067.0,67.3,False,,,,,,29.6,,,,,,,,,,20.9,,20.1,,,,17.2,,
e2019apr-0332,e2019apr,NC Report,La Razón,2018-05-16,2018-05-25,1000.0,62.5,False,,0.8,,0.3,,24.4,,2.9,,,1.4,,,1.1,,25.6,,23.6,,,,15.8,,1.2
e2019apr-0335,e2019apr,IMOP,El Confidencial,2018-05-23,2018-05-28,1015.0,70.0,False,,0.7,,,,28.6,,2.4,,,1.8,,2.0,1.2,,19.6,,20.6,,,,19.7,,
e2019apr-0339,e2019apr,Celeste-Tel,eldiario.es,2018-06-04,2018-06-08,1100.0,62.1,False,,0.9,,0.3,,21.1,,3.0,,,1.5,,1.3,1.2,,24.3,,25.8,,,,17.4,,0.4
e2019apr-0340,e2019apr,GAD3,ABC,2018-06-07,2018-06-08,800.0,72.0,False,,0.8,,0.3,,21.1,,3.2,,,1.6,,1.4,1.0,,25.6,,28.8,,,,13.1,,1.1
e2019apr-0342,e2019apr,Simple Lógica,,2018-06-04,2018-06-08,1030.0,69.7,False,,,,,,25.7,,,,,,,,,,20.6,,26.7,,,,16.5,,
e2019apr-0344,e2019apr,NC Report,La Razón,2018-06-01,2018-06-09,1200.0,60.6,False,,0.8,,0.3,,21.0,,3.1,,,1.5,,,1.2,,25.5,,24.9,,,,16.7,,1.3
e2019apr-0349,e2019apr,NC Report,La Razón,2018-06-25,2018-06-30,1000.0,62.4,False,,0.8,,0.3,,20.6,,3.1,,,1.4,,,1.2,,25.2,,26.3,,,,16.2,,
e2019apr-0350,e2019apr,Celeste-Tel,eldiario.es,2018-07-02,2018-07-06,1100.0,63.4,False,,0.9,,0.3,,20.6,,3.1,,,1.6,,1.1,1.1,,24.2,,27.1,,,,17.7,,0.5
e2019apr-0351,e2019apr,Simple Lógica,,2018-07-02,2018-07-06,1048.0,68.0,False,,,,,,26.0,,,,,,,,,,18.7,,27.2,,,,17.3,,
e2019apr-0359,e2019apr,Metroscopia,Henneo,2018-07-16,2018-07-25,2260.0,64.0,False,,,,,,20.1,,,,,,,,,,24.4,,26.6,,,,16.1,,
e2019apr-0360,e2019apr,GAD3,ABC,2018-07-24,2018-07-26,804.0,70.0,False,,0.8,,0.3,,19.6,,3.0,,,1.9,,1.4,1.1,,26.2,,27.9,,,,15.1,,0.9
e2019apr-0361,e2019apr,NC Report,La Razón,2018-07-23,2018-07-27,1000.0,62.4,False,,0.8,,0.3,,19.2,,3.1,,,1.5,,,1.2,,26.7,,27.4,,,,15.8,,1.4
e2019apr-0364,e2019apr,Simple Lógica,,2018-08-01,2018-08-03,1029.0,65.8,False,,,,,,23.4,,,,,,,,,,24.4,,25.5,,,,15.3,,
e2019apr-0365,e2019apr,Celeste-Tel,eldiario.es,2018-08-01,2018-08-07,1100.0,64.3,False,,0.9,,0.3,,19.4,,3.0,,,1.6,,1.0,1.1,,25.5,,28.0,,,,17.3,,0.6
e2019apr-0369,e2019apr,NC Report,La Razón,2018-08-27,2018-08-31,1000.0,64.6,False,,0.8,,0.3,,18.8,,3.0,,,1.5,,,1.1,,27.5,,27.8,,,,16.0,,1.4
e2019apr-0370,e2019apr,Celeste-Tel,eldiario.es,2018-09-03,2018-09-07,1100.0,64.2,False,,0.8,,0.3,,18.7,,3.0,,,1.7,,0.8,1.1,,26.4,,28.2,,,,17.1,,0.7
e2019apr-0372,e2019apr,Simple Lógica,,2018-09-03,2018-09-07,1010.0,68.8,False,,,,,,23.2,,,,,,,,,,21.1,,24.8,,,,16.6,,
e2019apr-0375,e2019apr,IMOP,El Confidencial,2018-09-06,2018-09-11,1012.0,71.5,False,,0.7,,,,23.9,,2.8,,,1.5,,2.1,1.2,,20.3,,26.5,,,,15.4,,3.0
e2019apr-0378,e2019apr,Metroscopia,Henneo,2018-09-17,2018-09-19,1095.0,63.0,False,,,,,,20.8,,,,,,,,,,22.8,,27.7,,,,15.1,,
e2019apr-0381,e2019apr,Celeste-Tel,eldiario.es,2018-10-01,2018-10-05,1100.0,64.4,False,,0.8,,0.3,,19.3,,3.0,,,1.7,,0.8,1.1,,26.3,,27.7,,,,17.4,,1.0
e2019apr-0383,e2019apr,Simple Lógica,,2018-10-01,2018-10-05,1055.0,66.1,False,,,,,,21.6,,,,,,,,,,23.8,,25.2,,,,17.3,,
e2019apr-0385,e2019apr,NC Report,La Razón,2018-10-01,2018-10-11,1000.0,65.2,False,,0.7,,0.3,,19.5,,3.0,,,1.4,,,1.1,,26.7,,26.8,,,,16.8,,1.9
e2019apr-0386,e2019apr,Metroscopia,Henneo,2018-10-16,2018-10-18,1588.0,66.5,False,,,,,,19.2,,,,,,,,,,22.6,,25.2,,,,17.7,,5.1
e2019apr-0393,e2019apr,GAD3,La Vanguardia,2018-11-02,2018-11-07,1208.0,72.0,False,,0.6,,0.1,,21.9,,2.9,,,1.4,,,1.3,,22.3,,26.6,,,,16.6,,3.4
e2019apr-0394,e2019apr,NC Report,La Razón,2018-11-05,2018-11-09,1000.0,65.1,False,,0.7,,0.3,,19.9,,2.9,,,1.4,,,0.9,,26.3,,26.5,,,,17.0,,2.1
e2019apr-0395,e2019apr,Celeste-Tel,eldiario.es,2018-11-05,2018-11-09,1100.0,64.6,False,,0.7,,0.3,,20.4,,2.8,,,1.6,,0.9,1.0,,25.8,,26.9,,,,17.3,,1.5
e2019apr-0397,e2019apr,CIS,,2018-11-01,2018-11-11,2974.0,62.4,False,,1.0,,0.3,,19.8,,3.6,,,1.2,,1.8,0.9,,22.5,,26.3,,,,17.1,,3.2
e2019apr-0398,e2019apr,Simple Lógica,,2018-11-02,2018-11-14,1019.0,68.2,False,,,,,,22.4,,,,,,,,,,19.6,,24.1,,,,18.1,,
e2019apr-0403,e2019apr,Celeste-Tel,eldiario.es,2018-12-03,2018-12-11,1100.0,66.7,False,,0.6,,0.3,,19.4,,2.9,,,1.5,,0.8,1.0,,24.7,,25.2,,,,16.2,,6.8
e2019apr-0405,e2019apr,Metroscopia,Henneo,2018-12-10,2018-12-12,1895.0,68.0,False,,,,,,20.5,,,,,,,,,,18.0,,22.2,,,,17.9,,11.5
e2019apr-0408,e2019apr,SocioMétrica,El Español,2018-12-10,2018-12-14,900.0,71.0,False,,0.7,,0.4,,19.0,,3.1,,,1.5,,,1.2,,21.6,,22.5,,,,17.8,,8.5
e2019apr-0409,e2019apr,NC Report,La Razón,2018-12-05,2018-12-14,1000.0,65.7,False,,0.6,,,,18.0,,2.8,,,1.2,,,0.9,,24.4,,24.8,,,,17.2,,8.7
e2019apr-0410,e2019apr,Simple Lógica,,2018-12-03,2018-12-14,1204.0,68.2,False,,,,,,20.4,,,,,,,,,,18.8,,23.2,,,,17.7,,8.7
e2019apr-0418,e2019apr,Celeste-Tel,eldiario.es,2019-01-02,2019-01-08,1100.0,66.8,False,,0.7,,0.3,,19.6,,2.8,,,1.5,,0.8,1.0,,23.8,,24.1,,,,16.1,,8.1
e2019apr-0419,e2019apr,Simple Lógica,,2019-01-03,2019-01-09,1042.0,71.0,False,,,,,,17.9,,,,,,,,,,18.2,,25.1,,,,14.0,,11.5
e2019apr-0423,e2019apr,Metroscopia,Henneo,2019-01-09,2019-01-15,2332.0,67.0,False,,,,,,17.8,,,,,,,,,,19.1,,23.7,,,,17.1,,12.1
e2019apr-0426,e2019apr,NC Report,La Razón,2019-01-21,2019-01-25,1000.0,65.9,False,,0.7,,,,18.7,,2.8,,,1.2,,,0.9,,24.0,,24.2,,,,16.6,,9.4
e2019apr-0430,e2019apr,Celeste-Tel,eldiario.es,2019-02-04,2019-02-08,1100.0,66.4,False,,0.8,,0.3,,19.2,,2.8,,,1.7,,1.1,1.2,,23.1,,23.7,,,,15.8,,8.9
e2019apr-0431,e2019apr,Simple Lógica,,2019-02-01,2019-02-08,1017.0,74.2,False,,,,,,17.0,,,,,,,,,,17.9,,25.4,,,,13.9,,11.7
e2019apr-0433,e2019apr,Metroscopia,Henneo,2019-02-11,2019-02-13,1995.0,65.0,False,,,,,,15.4,,,,,,,,,,20.5,,27.6,,,,13.8,,12.7
e2019apr-0434,e2019apr,SocioMétrica,El Español,2019-02-13,2019-02-15,1000.0,71.0,False,,0.8,,0.3,2.3,18.7,,3.3,,,1.3,,1.9,1.1,,18.6,,24.3,,,,11.9,,11.8
e2019apr-0435,e2019apr,GAD3,La Vanguardia,2019-02-12,2019-02-15,1200.0,71.0,False,,0.6,,0.3,,17.1,,2.8,,,1.6,,,1.2,,23.6,,28.2,,,,12.4,,8.8
e2019apr-0436,e2019apr,NC Report,La Razón,2019-02-11,2019-02-15,1000.0,65.6,False,,0.6,,,,18.9,,2.8,,,1.3,,,1.1,,23.6,,24.1,,,,16.0,,10.0
e2019apr-0440,e2019apr,GAD3,ABC,2019-02-18,2019-02-22,800.0,71.0,False,,0.6,,0.2,,15.7,,3.0,,,1.5,,,1.3,,23.2,,28.9,,,,11.5,,10.8
e2019apr-0445,e2019apr,SocioMétrica,El Español,2019-03-05,2019-03-08,1600.0,74.0,False,,0.9,,0.2,,17.8,,3.1,,,1.5,,2.0,1.0,,17.5,,27.6,,,,14.1,,12.1
e2019apr-0449,e2019apr,Celeste-Tel,eldiario.es,2019-03-04,2019-03-11,1100.0,66.4,False,,0.7,,0.3,,18.1,,2.7,,,1.7,,1.2,1.2,,22.8,,25.4,,,,14.3,,9.6
e2019apr-0450,e2019apr,Simple Lógica,,2019-03-04,2019-03-13,1092.0,72.8,False,,,,,,16.7,,,,,,,,,,17.1,,31.2,,,,12.4,,8.6
e2019apr-0451,e2019apr,NC Report,La Razón,2019-03-11,2019-03-15,1000.0,65.7,False,,0.6,,,,17.8,,2.8,,,1.2,,,1.1,,23.2,,26.0,,,,14.8,,10.3
e2019apr-0458,e2019apr,IMOP,El Confidencial,2019-03-17,2019-03-23,1399.0,65.5,False,,1.0,,,,14.4,,3.5,,,,,2.1,1.3,,19.5,,30.5,,,,12.4,,11.0
e2019apr-0460,e2019apr,Metroscopia,Henneo,2019-03-18,2019-03-25,2722.0,67.0,False,,,,,,16.3,,,,,,,,,,19.0,,28.7,,,,14.0,,11.7
e2019apr-0461,e2019apr,IMOP,El Confidencial,2019-03-20,2019-03-26,1400.0,65.0,False,,1.1,,,0.7,14.9,,3.3,,,,,2.0,1.2,,20.0,,31.0,,,,11.9,,10.1
e2019apr-0465,e2019apr,NC Report,La Razón,2019-03-25,2019-03-29,1000.0,66.2,False,,0.7,,,,16.5,,3.0,,,,,,1.3,,23.1,,26.7,,,,11.9,,10.3
e2019apr-0467,e2019apr,IMOP,El Confidencial,2019-03-24,2019-03-30,1419.0,67.0,False,,1.0,,,0.5,14.0,,3.5,,,,,1.8,1.1,,21.6,,30.0,,,,13.7,,9.5
e2019apr-0470,e2019apr,IMOP,El Confidencial,2019-03-27,2019-04-02,1431.0,69.0,False,,1.0,,,0.5,14.8,,3.5,,,,,1.5,1.1,,20.8,,30.0,,,,13.9,,9.6
e2019apr-0474,e2019apr,Simple Lógica,,2019-04-01,2019-04-05,1054.0,73.7,False,,,,,,15.5,,,,,,,,,,16.7,,30.5,,,,14.4,,9.8
e2019apr-0476,e2019apr,NC Report,La Razón,2019-04-02,2019-04-06,1000.0,66.3,False,,0.8,,0.3,1.7,16.1,,2.8,,,,,,1.3,,24.0,,26.9,,,,12.3,0.4,9.4
e2019apr-0477,e2019apr,IMOP,El Confidencial,2019-03-31,2019-04-06,1440.0,72.0,False,,0.9,,,0.6,15.5,,3.2,,,,,1.2,1.3,,20.0,,31.5,,,,12.9,,9.3
e2019apr-0479,e2019apr,IMOP,El Confidencial,2019-04-03,2019-04-09,1407.0,70.7,False,,0.8,,,0.8,16.0,,3.1,,,,,1.5,1.3,,19.4,,31.0,,,,13.2,,9.8
e2019apr-0483,e2019apr,GAD3,La Vanguardia,2019-04-09,2019-04-11,1800.0,71.0,False,,0.7,,0.3,0.5,14.4,,3.6,,,,,1.4,1.2,,21.0,,31.1,,,,11.4,,11.2
e2019apr-0486,e2019apr,IMOP,El Confidencial,2019-04-07,2019-04-13,1410.0,70.0,False,,0.8,,0.3,0.9,15.8,,3.3,,,,,2.0,1.2,,18.6,,31.0,,,,13.4,0.3,9.5
e2019apr-0487,e2019apr,NC Report,La Razón,2019-04-09,2019-04-13,1000.0,66.5,False,,0.8,,0.3,1.8,15.8,,2.9,,,,,,1.3,,24.1,,27.5,,,,12.1,0.4,9.1
e2019apr-0498,e2019apr,IMOP,El Confidencial,2019-04-10,2019-04-16,1400.0,71.0,False,,0.8,,0.3,0.8,15.3,,3.2,,,,,1.9,1.2,,19.3,,30.4,,,,13.5,0.3,9.6
e2019apr-0513,e2019apr,NC Report,La Razón,2019-04-15,2019-04-19,1000.0,68.9,False,,0.8,,0.3,1.5,14.9,,2.9,,,,,,1.3,,23.8,,28.1,,,,13.0,0.4,9.0
e2019apr-0517,e2019apr,IMOP,El Confidencial,2019-04-14,2019-04-20,1400.0,70.0,False,,0.8,,0.3,0.8,15.1,,3.0,,,,,1.8,1.2,,19.8,,29.8,,,,14.1,0.3,10.0
e2019apr-0518,e2019apr,Celeste-Tel,eldiario.es,2019-04-15,2019-04-20,1100.0,68.3,False,,0.8,,0.3,1.3,15.1,,2.9,,,,,1.3,1.2,,23.5,,28.9,,,,13.5,0.4,7.9
e2019nov-0540,e2019nov,Simple Lógica,,2019-05-06,2019-05-14,1058.0,75.6,False,,,,,,21.7,,,,,,,,,,18.6,,33.7,,,,14.8,,3.2
e2019nov-0544,e2019nov,Celeste-Tel,eldiario.es,2019-06-05,2019-06-11,1100.0,68.1,False,,1.0,,0.7,0.4,14.6,,3.9,,,1.9,,,1.5,,19.4,0.2,30.6,,,,13.2,0.5,8.7
e2019nov-0546,e2019nov,Simple Lógica,,2019-06-03,2019-06-11,1090.0,75.9,False,,,,,,19.7,,,,,,,,,,15.7,,32.0,,,,13.4,,8.9
e2019nov-0547,e2019nov,NC Report,La Razón,2019-06-07,2019-06-13,1000.0,68.8,False,,1.1,,0.7,0.4,14.9,,3.6,,,1.9,,,1.6,,20.2,0.2,30.5,,,,12.7,0.6,8.0
e2019nov-0549,e2019nov,GAD3,ABC,2019-06-17,2019-06-21,800.0,70.0,False,,,,,,16.2,,,,,,,,,,20.6,,30.8,,,,13.0,,5.6
e2019nov-0552,e2019nov,Celeste-Tel,eldiario.es,2019-07-01,2019-07-05,1100.0,67.6,False,,0.9,,0.6,0.4,14.4,,3.8,,,1.8,,,1.5,,19.9,0.2,31.2,,,,13.2,0.5,8.4
e2019nov-0556,e2019nov,Simple Lógica,,2019-07-01,2019-07-09,1037.0,70.2,False,,,,,,13.1,,,,,,,,,,17.9,,32.7,,,,15.2,,9.3
e2019nov-0563,e2019nov,EM-Analytics,Electomanía,2019-07-24,2019-07-26,1200.0,64.2,False,,,,,,12.3,,,,,,,,,,20.8,,29.2,,,,13.2,,9.5
e2019nov-0566,e2019nov,Simple Lógica,,2019-08-01,2019-08-05,1074.0,68.0,False,,,,,,14.9,,,,,,,,,,17.2,,31.4,,,,13.8,,11.0
e2019nov-0567,e2019nov,Celeste-Tel,eldiario.es,2019-08-01,2019-08-07,1100.0,67.0,False,,0.9,,0.6,0.4,14.3,,3.7,,,1.8,,,1.5,,20.2,0.2,30.9,,,,13.4,0.5,8.3
e2019nov-0569,e2019nov,EM-Analytics,Electomanía,2019-08-01,2019-08-15,2500.0,64.1,False,,1.1,,0.6,0.9,12.5,,4.5,,,2.0,,,1.6,,21.0,0.3,29.3,,,,13.2,0.4,9.0
e2019nov-0570,e2019nov,NC Report,La Razón,2019-08-20,2019-08-24,1000.0,66.6,False,,1.1,,0.6,0.5,13.9,,3.6,,,1.8,,,1.5,,21.9,0.2,29.5,,,,13.1,0.5,7.7
e2019nov-0573,e2019nov,Celeste-Tel,eldiario.es,2019-09-02,2019-09-05,1100.0,65.9,False,,1.0,,0.6,0.5,14.1,,4.3,,,1.7,,,1.6,,20.1,0.2,30.5,,,,13.7,0.6,8.0
e2019nov-0574,e2019nov,GAD3,ABC,2019-09-02,2019-09-06,1000.0,70.0,False,,1.0,,,,14.0,,3.8,,,1.9,,,1.4,,19.9,,32.1,,,,13.3,0.4,7.9
e2019nov-0577,e2019nov,Simple Lógica,,2019-09-02,2019-09-06,1089.0,68.3,False,,,,,,13.6,,,,,,,,,,18.4,,30.6,,,,13.8,,12.1
e2019nov-0581,e2019nov,EM-Analytics,Electomanía,2019-09-10,2019-09-15,1200.0,64.7,False,,1.0,,0.5,0.9,12.7,,4.5,,,2.1,,,1.7,,20.8,0.3,28.4,,,,13.5,0.4,9.7
e2019nov-0583,e2019nov,EM-Analytics,Electomanía,2019-09-17,2019-09-18,1000.0,64.7,False,,1.0,,0.5,0.8,13.0,,4.4,,,1.8,,,1.6,,21.0,0.2,27.7,,,,13.8,0.4,9.6
e2019nov-0585,e2019nov,GAD3,La Vanguardia,2019-09-16,2019-09-20,1006.0,69.0,False,,1.0,,,,13.1,,3.4,,,1.7,,,1.3,,20.3,,31.6,,,,13.4,,9.6
e2019nov-0586,e2019nov,Ipsos,Henneo,2019-09-18,2019-09-20,1837.0,69.5,False,,,,,,14.2,,3.7,,,1.7,,,1.5,,19.8,,28.0,,,,15.2,,9.8
e2019nov-0588,e2019nov,40dB,El País,2019-09-18,2019-09-20,1544.0,62.8,False,,,,,,13.3,,,,,,,,,,23.5,,30.3,,,,14.0,,8.6
e2019nov-0589,e2019nov,NC Report,La Razón,2019-09-18,2019-09-21,1000.0,65.0,False,,,,,,13.7,,,,,,,,,,22.0,,28.6,,,,13.6,,7.5
e2019nov-0590,e2019nov,Celeste-Tel,eldiario.es,2019-09-19,2019-09-23,1100.0,65.6,False,,1.1,,0.6,0.7,13.4,,4.2,,,1.7,,,1.6,,22.1,0.2,29.4,,,,14.1,0.5,7.0
e2019nov-0597,e2019nov,IMOP,El Confidencial,2019-10-01,2019-10-03,1227.0,65.7,False,,1.0,,,,10.7,1.1,3.3,,,2.2,4.1,,1.6,,20.1,,28.3,,,,12.0,,10.8
e2019nov-0599,e2019nov,Hamalgama Métrica,Okdiario,2019-09-30,2019-10-04,900.0,65.9,False,,1.0,,0.6,,11.7,0.6,4.3,,,1.7,4.6,,1.6,,22.1,0.2,26.1,,,,13.5,0.5,8.5
e2019nov-0600,e2019nov,Celeste-Tel,eldiario.es,2019-10-01,2019-10-04,1100.0,65.7,False,,1.0,,0.7,,12.2,0.5,4.2,,,1.6,5.1,,1.6,,21.8,0.2,27.2,,,,13.9,0.5,7.5
e2019nov-0602,e2019nov,GAD3,ABC,2019-09-30,2019-10-04,3121.0,67.0,False,,0.9,,0.3,,11.0,0.9,3.8,,,1.6,4.3,,1.5,,20.9,0.2,27.2,,,,12.4,0.5,10.6
e2019nov-0605,e2019nov,Simple Lógica,,2019-10-01,2019-10-04,1046.0,66.3,False,,,,,,10.0,,,,,,5.2,,,,19.1,,29.1,,,,12.5,,12.2
e2019nov-0609,e2019nov,Hamalgama Métrica,Okdiario,2019-10-07,2019-10-10,1000.0,65.9,False,,1.0,,0.6,,10.6,0.7,4.2,,,1.6,4.1,,1.5,,22.5,0.2,26.4,,,,13.4,0.5,9.8
e2019nov-0612,e2019nov,GAD3,ABC,2019-10-07,2019-10-11,3121.0,68.0,False,,0.9,,0.3,,8.6,1.0,3.2,,,1.8,3.9,,1.4,,22.2,0.2,28.4,,,,11.9,0.5,11.8
e2019nov-0622,e2019nov,Celeste-Tel,eldiario.es,2019-10-14,2019-10-17,1100.0,65.3,False,,1.0,,0.7,,11.1,0.7,4.2,,,1.5,4.6,,1.6,,22.3,0.2,27.0,,,,13.4,0.4,9.1
e2019nov-0626,e2019nov,Hamalgama Métrica,Okdiario,2019-10-16,2019-10-18,1000.0,66.4,False,,1.0,,0.6,,10.0,0.8,4.0,,,1.5,3.9,,1.5,,22.7,0.2,26.4,,,,13.1,0.5,10.7
e2019nov-0628,e2019nov,GAD3,ABC,2019-10-14,2019-10-18,3233.0,70.0,False,,0.9,,0.3,,8.3,0.9,3.8,,,1.6,3.7,,1.5,,23.0,0.3,28.7,,,,11.2,0.5,11.9
e2019nov-0629,e2019nov,EM-Analytics,Electomanía,2019-10-17,2019-10-18,1250.0,69.1,False,,1.0,,0.6,,10.0,1.3,4.1,,,1.2,4.5,,1.5,,22.3,0.3,26.8,,,,12.9,0.4,10.3
e2019nov-0639,e2019nov,Celeste-Tel,eldiario.es,2019-10-21,2019-10-24,1100.0,66.9,False,,1.0,,0.7,,10.0,0.8,4.0,,,1.6,4.4,,1.6,,22.2,0.2,27.7,,,,12.9,0.4,10.5
e2019nov-0640,e2019nov,GAD3,ABC,2019-10-21,2019-10-24,2730.0,69.0,False,,0.9,,0.4,,8.9,1.1,3.2,,,1.6,2.8,,1.4,,21.7,0.2,27.3,,,,12.7,0.4,13.5
e2019nov-0643,e2019nov,Hamalgama Métrica,Okdiario,2019-10-22,2019-10-25,1000.0,66.4,False,,1.0,,0.4,,9.2,0.8,3.9,,,1.5,4.3,,1.5,,22.7,0.2,26.9,,,,12.7,0.4,11.7
e2019nov-0644,e2019nov,NC Report,La Razón,2019-10-16,2019-10-25,1000.0,66.2,False,,,,,,9.0,,4.0,,,,4.3,,1.7,,23.0,,27.5,,,,12.1,,11.3
e2019nov-0651,e2019nov,SyM Consulting,EPDA,2019-10-26,2019-10-27,1923.0,72.3,False,,,,,,10.3,,3.5,,,,3.3,,,,22.2,,27.1,,,,9.6,,13.8
e2019nov-0654,e2019nov,Hamalgama Métrica,Okdiario,2019-10-25,2019-10-29,1000.0,67.6,False,,1.0,,0.6,,9.0,1.1,3.9,,,1.5,3.8,,1.5,,22.5,0.2,27.1,,,,12.6,0.4,12.1
e2019nov-0656,e2019nov,Ipsos,Henneo,2019-10-28,2019-10-29,2000.0,70.0,False,,,,,,10.0,,3.5,,,2.1,4.7,,1.5,,19.4,,26.0,,,,13.0,,14.0
e2019nov-0662,e2019nov,GAD3,ABC,2019-10-14,2019-10-31,7900.0,70.5,False,,0.8,,0.4,,8.0,1.6,3.5,,,1.4,2.8,,1.5,,21.6,0.2,27.4,,,,11.2,0.4,14.9
e2019nov-0663,e2019nov,Hamalgama Métrica,Okdiario,2019-10-29,2019-10-31,1000.0,68.2,False,,1.0,,0.7,,8.8,1.1,3.9,,,1.6,3.7,,1.5,,22.2,0.2,27.2,,,,12.7,0.4,12.8
e2019nov-0664,e2019nov,Sondaxe,La Voz de Galicia,2019-10-28,2019-10-31,1001.0,72.8,False,,1.6,,0.5,,9.3,1.2,4.1,,,1.8,3.7,,1.5,,20.4,0.2,26.5,,,,12.1,0.4,12.6
e2019nov-0665,e2019nov,Celeste-Tel,eldiario.es,2019-10-25,2019-10-31,1100.0,67.8,False,,1.0,,0.8,,9.2,0.9,3.9,,,1.7,3.2,,1.6,,21.9,0.2,27.6,,,,12.9,0.4,12.0
e2019nov-0674,e2019nov,IMOP,El Confidencial,2019-10-29,2019-11-02,1639.0,68.0,False,,,,,,10.1,,,,,,3.3,,,,19.6,,28.0,,,,11.5,,13.9
e2019nov-0694,e2019nov,GESOP,El Periòdic,2019-11-07,2019-11-09,903.0,71.0,False,,,,,,7.9,1.1,2.6,,,1.4,2.8,,,,19.4,,26.7,,,,14.3,,14.9
e2019nov-0695,e2019nov,Celeste-Tel,eldiario.es,2019-11-08,2019-11-10,1100.0,67.8,False,,1.1,,0.8,,8.5,1.1,3.6,,,1.8,2.8,,1.7,,20.8,0.2,27.4,,,,12.9,0.4,13.5
e2019nov-0696,e2019nov,GAD3,RTVE–FORTA,2019-10-25,2019-11-10,13000.0,72.0,False,,1.0,,0.5,,8.5,1.2,3.5,,,1.6,2.1,,1.5,,20.1,0.2,27.3,,,,12.2,0.4,16.3
e2023-0707,e2023,Simple Lógica,,2019-12-02,2019-12-12,1064.0,64.9,False,,,,,,6.4,,,,,,,,,,20.5,,27.0,,,,16.4,,13.8
e2023-0708,e2023,NC Report,La Razón,2019-12-10,2019-12-13,1000.0,64.9,False,,1.1,0.5,0.5,,5.8,1.1,3.5,,,2.3,2.0,,1.5,,21.6,0.3,27.1,,,0.1,13.1,0.5,15.6
e2023-0720,e2023,Celeste-Tel,eldiario.es,2020-01-02,2020-01-09,1100.0,64.1,False,,1.1,0.5,0.5,,6.1,1.3,3.2,,,2.8,2.0,,1.4,,20.3,0.3,27.0,,,0.1,13.9,0.4,16.4
e2023-0723,e2023,Simple Lógica,,2020-01-07,2020-01-10,1097.0,66.4,False,,,,,,7.9,,,,,,,,,,20.3,,26.5,,,,15.5,,14.4
e2023-0726,e2023,NC Report,La Razón,2020-01-07,2020-01-17,1000.0,63.5,False,,1.0,0.5,0.5,,5.4,1.1,3.3,,,2.6,1.8,,1.5,,22.1,0.3,26.7,,,0.1,13.4,0.5,16.1
e2023-0736,e2023,Celeste-Tel,eldiario.es,2020-02-03,2020-02-07,1100.0,63.8,False,,1.1,0.5,0.5,,6.2,1.0,3.3,,,2.7,2.0,,1.5,,20.2,0.3,27.6,,,0.1,13.5,0.4,16.9
e2023-0737,e2023,CIS,,2020-02-01,2020-02-11,2957.0,65.1,False,,1.2,0.5,0.2,,8.2,1.0,3.6,,,2.0,2.3,,1.4,,19.9,0.1,28.2,,,0.1,14.0,0.3,14.2
e2023-0738,e2023,Simple Lógica,,2020-02-03,2020-02-11,1073.0,67.5,False,,,,,,7.9,,,,,,,,,,17.6,,28.5,,,,14.0,,16.1
e2023-0739,e2023,NC Report,La Razón,2020-02-06,2020-02-14,1000.0,62.9,False,,1.1,0.5,0.5,,5.6,0.9,3.4,,,2.9,1.7,,1.5,,22.2,0.3,26.9,,,0.1,13.2,0.5,16.1
e2023-0748,e2023,Simple Lógica,,2020-03-02,2020-03-06,1029.0,67.6,False,,,,,,7.7,,,,,,,,,,20.9,,27.7,,,,14.9,,15.1
e2023-0751,e2023,Demoscopia y Servicios,ESdiario,2020-03-16,2020-03-17,1000.0,65.2,False,,1.2,0.5,0.5,,8.3,1.3,3.0,,,2.8,1.3,,1.6,,23.4,0.3,24.5,,,0.1,13.6,0.4,14.5
e2023-0752,e2023,SyM Consulting,La Nueva Crónica,2020-03-23,2020-03-26,3104.0,70.7,False,,,,,,5.2,,4.0,,,,,,,,19.9,,26.2,,,,11.8,,15.7
e2023-0759,e2023,CIS,,2020-03-30,2020-04-07,3000.0,69.0,False,,0.6,0.4,0.3,,7.1,0.5,3.6,,,1.4,1.2,,1.3,,23.0,0.2,30.6,,,0.1,12.3,0.4,13.9
e2023-0760,e2023,Celeste-Tel,eldiario.es,2020-04-01,2020-04-07,1100.0,62.6,False,,1.2,0.5,0.5,,6.9,1.0,3.7,,,2.3,1.7,,1.5,,20.5,0.3,27.9,,,0.1,13.7,0.4,16.3
e2023-0762,e2023,Simple Lógica,,2020-04-01,2020-04-07,1057.0,64.5,False,,,,,,5.7,,,,,,,,,,22.2,,28.2,,,,11.0,,16.0
e2023-0766,e2023,Hamalgama Métrica,Okdiario,2020-04-14,2020-04-17,1000.0,63.4,False,,1.2,,,,5.3,,3.6,,,2.5,1.6,,1.6,,22.7,,26.8,,,,13.4,,15.0
e2023-0772,e2023,NC Report,La Razón,2020-04-27,2020-04-30,1000.0,62.5,False,,1.1,0.5,0.5,,6.2,0.9,3.5,,,2.7,1.7,,1.6,,23.2,0.3,26.3,,,0.1,13.0,0.4,15.4
e2023-0776,e2023,Celeste-Tel,eldiario.es,2020-05-04,2020-05-08,1100.0,62.3,False,,1.2,0.5,0.4,,6.5,0.8,3.7,,,2.5,1.6,,1.6,,22.2,0.3,27.4,,,0.1,12.9,0.4,15.6
e2023-0778,e2023,GAD3,ABC,2020-05-04,2020-05-08,1004.0,66.0,False,,,,,,5.9,,,,,,1.4,,,,27.1,,28.7,,,,10.9,,11.7
e2023-0779,e2023,Simple Lógica,,2020-05-04,2020-05-08,1019.0,63.8,False,,,,,,9.8,,,,,,,,,,21.7,,30.8,,,,12.2,,11.8
e2023-0782,e2023,CIS,,2020-05-04,2020-05-13,3800.0,68.1,False,,0.7,0.5,0.4,,9.9,0.8,2.7,,,1.3,2.0,,1.3,,22.3,0.3,29.8,,,0.1,12.0,0.4,11.8
e2023-0785,e2023,GIPEyOP,,2020-04-28,2020-05-14,8387.0,64.9,False,,1.5,0.9,0.7,,5.6,1.4,3.8,,,1.8,2.3,,1.5,,21.2,,27.3,,,,13.0,0.6,15.8
e2023-0789,e2023,NC Report,La Razón,2020-05-12,2020-05-16,1000.0,62.1,False,,1.2,,,,5.2,,3.6,,,2.6,,,1.7,,24.9,,26.0,,,,12.5,,14.6
e2023-0798,e2023,Celeste-Tel,eldiario.es,2020-06-01,2020-06-05,1100.0,61.9,False,,1.2,0.5,0.5,,6.7,0.9,3.8,,,2.4,1.8,,1.6,,23.1,0.3,27.0,,,0.1,12.3,0.4,15.2
e2023-0800,e2023,Simple Lógica,,2020-06-01,2020-06-05,1012.0,62.7,False,,,,,,7.6,,,,,,,,,,21.7,,29.9,,,,12.0,,15.1
e2023-0802,e2023,CIS,,2020-06-01,2020-06-09,4258.0,65.1,False,,0.9,0.5,0.4,,9.0,0.8,2.4,,,1.3,2.0,,1.4,,21.8,0.1,31.2,,,,11.4,0.2,13.0
e2023-0804,e2023,NC Report,La Razón,2020-06-09,2020-06-13,1000.0,61.7,False,,1.3,0.5,0.5,,5.6,1.0,3.7,,,2.4,1.9,,1.6,,25.1,0.3,26.0,,,0.1,12.1,0.4,14.8
e2023-0814,e2023,Simple Lógica,,2020-07-01,2020-07-08,1035.0,64.1,False,,,,,,6.4,,,,,,,,,,21.8,,29.1,,,,12.5,,15.0
e2023-0820,e2023,NC Report,La Razón,2020-07-14,2020-07-18,1000.0,62.2,False,,1.3,,,,5.5,,3.6,,,2.4,2.1,,1.6,,25.2,,26.4,,,,10.7,0.4,14.9
e2023-0826,e2023,Celeste-Tel,eldiario.es,2020-07-27,2020-07-31,1100.0,64.1,False,,1.2,0.9,0.6,,5.3,1.0,3.5,,,2.2,2.2,,1.6,,24.4,0.2,28.7,,,0.1,11.9,0.4,14.6
e2023-0829,e2023,Simple Lógica,,2020-08-03,2020-08-06,1046.0,65.1,False,,,,,,6.3,,,,,,,,,,22.9,,29.2,,,,11.4,,13.5
e2023-0834,e2023,NC Report,La Razón,2020-08-25,2020-08-29,1000.0,62.1,False,,1.3,,,,5.7,,3.5,,,2.5,2.4,,1.5,,24.7,,26.9,,,,10.7,,15.0
e2023-0838,e2023,CIS,,2020-09-01,2020-09-07,2904.0,61.8,False,,0.9,0.9,0.3,,9.7,0.6,2.5,,,1.5,1.6,,1.5,,19.1,0.1,28.5,,,,12.3,0.4,15.0
e2023-0840,e2023,Simple Lógica,,2020-09-01,2020-09-11,1065.0,63.4,False,,,,,,6.1,,,,,,,,,,22.1,,28.1,,,,12.3,,15.8
e2023-0846,e2023,NC Report,La Razón,2020-09-15,2020-09-19,1000.0,62.4,False,,1.2,,,,6.3,,3.4,,,2.6,2.4,,1.5,,24.1,,26.8,,,,11.3,0.4,15.2
e2023-0852,e2023,CIS,,2020-10-01,2020-10-07,2924.0,62.5,False,,1.3,0.4,0.2,,6.6,0.7,2.8,,,1.7,2.1,,1.6,,20.0,0.1,30.6,,,0.2,11.1,0.5,15.9
e2023-0855,e2023,Simple Lógica,,2020-10-01,2020-10-09,1060.0,63.6,False,,,,,,7.5,,,,,,,,,,19.5,,27.2,,,,11.0,,17.1
e2023-0857,e2023,GIPEyOP,,2020-09-23,2020-10-14,1955.0,59.4,False,,1.6,1.1,0.5,,5.5,2.1,3.7,,,3.1,4.1,,1.8,,17.4,,21.0,,,,14.7,0.1,19.7
e2023-0861,e2023,NC Report,La Razón,2020-10-13,2020-10-17,1000.0,62.6,False,,1.2,,,,6.3,,3.4,,,2.6,,,1.5,,23.6,,27.0,,,,11.4,,15.6
e2023-0870,e2023,NC Report,La Razón,2020-10-30,2020-11-07,1000.0,63.1,False,,1.3,0.8,0.4,,7.2,0.8,3.5,,,2.5,2.1,,1.5,,23.2,0.2,26.8,,,0.1,11.5,0.4,15.9
e2023-0871,e2023,Celeste-Tel,Onda Cero,2020-11-04,2020-11-09,1100.0,64.2,False,,1.2,0.9,0.5,,6.7,1.0,3.8,,,2.1,2.5,,1.5,,22.5,0.2,27.7,,,0.1,11.8,0.4,15.3
e2023-0872,e2023,Simple Lógica,,2020-11-04,2020-11-11,1036.0,63.4,False,,,,,,5.1,,,,,,,,,,20.5,,29.2,,,,11.5,,15.7
e2023-0873,e2023,CIS,,2020-11-03,2020-11-12,3853.0,62.5,False,,1.0,0.5,0.3,,8.5,0.8,2.9,,,1.7,2.1,,1.2,,18.0,0.3,28.8,,,0.1,11.6,0.5,16.8
e2023-0885,e2023,Simple Lógica,,2020-11-30,2020-12-09,1065.0,64.8,False,,,,,,7.7,,,,,,,,,,19.9,,27.9,,,,11.6,,16.2
e2023-0887,e2023,GAD3,COPE,2020-11-30,2020-12-14,2005.0,64.0,False,,1.5,1.0,0.6,,7.1,0.8,3.4,,,1.8,1.4,,1.7,,25.2,0.3,28.0,,,0.1,9.5,0.4,13.1
e2023-0888,e2023,Celeste-Tel,Onda Cero,2020-12-09,2020-12-15,1100.0,64.5,False,,1.1,0.9,0.5,,6.5,1.0,3.8,,,2.2,2.7,,1.6,,23.3,0.3,27.1,,,0.1,12.0,0.4,14.9
e2023-0896,e2023,NC Report,La Razón,2020-12-18,2020-12-30,1000.0,62.8,False,,1.2,1.0,0.4,,6.7,1.0,3.5,,,2.3,2.2,,1.5,,24.3,0.2,26.2,,,0.1,11.7,0.4,15.2
e2023-0900,e2023,SyM Consulting,,2021-01-07,2021-01-10,2915.0,70.0,False,,1.1,,,,6.6,,3.7,,,2.0,,,1.6,,24.6,,26.7,,,,9.6,,14.2
e2023-0901,e2023,Simple Lógica,,2021-01-04,2021-01-13,1045.0,66.3,False,,,,,,8.9,,,,,,2.6,,,,21.1,,26.3,,,,10.7,,15.2
e2023-0903,e2023,Celeste-Tel,Onda Cero,2021-01-11,2021-01-15,1100.0,64.7,False,,1.2,0.9,0.5,,6.7,1.0,3.9,,,2.2,2.5,,1.6,,23.7,0.3,27.0,,,0.1,11.8,0.4,14.8
e2023-0908,e2023,CIS,,2021-01-07,2021-01-25,3862.0,62.6,False,,0.8,0.6,0.3,,7.4,0.7,2.9,,,1.6,1.9,,1.7,,22.2,0.1,28.6,,,0.0,10.0,0.8,15.9
e2023-0910,e2023,Simple Lógica,,2021-02-01,2021-02-05,1054.0,62.0,False,,,,,,9.2,,,,,,2.2,,,,18.8,,28.8,,,,10.3,,16.9
e2023-0912,e2023,CIS,,2021-02-03,2021-02-11,3869.0,64.7,False,,0.7,0.7,0.2,,9.0,1.1,3.3,,,1.3,2.6,,1.2,,19.7,0.2,28.1,,,0.3,11.3,0.3,16.3
e2023-0919,e2023,Celeste-Tel,Onda Cero,2021-02-17,2021-02-23,1100.0,64.4,False,,1.2,0.7,0.5,,4.6,1.1,3.6,,,2.1,2.6,,1.6,,22.3,0.3,28.3,,,0.1,10.1,0.4,18.2
e2023-0921,e2023,GAD3,NIUS,2021-02-22,2021-02-25,1000.0,62.0,False,,1.2,0.6,0.4,,5.9,1.1,3.7,,,2.2,1.5,,1.7,,22.2,0.2,28.6,,,0.1,10.1,0.4,17.1
e2023-0923,e2023,NC Report,La Razón,2021-02-24,2021-02-28,1000.0,63.3,False,,1.3,,,,4.3,,3.3,,,2.2,2.5,,1.5,,23.7,,27.4,,,,10.9,0.4,18.0
e2023-0928,e2023,Simple Lógica,,2021-03-01,2021-03-09,1023.0,64.6,False,,,,,,7.6,,,,,,2.7,,,,17.5,,27.1,,,,11.0,,18.5
e2023-0936,e2023,NC Report,La Razón,2021-03-26,2021-03-31,1000.0,63.1,False,,1.3,,,,4.0,,3.3,,,2.2,2.5,,1.5,,24.8,,26.6,,,,11.5,0.4,17.4
e2023-0939,e2023,Simple Lógica,,2021-04-05,2021-04-13,1053.0,65.6,False,,,,,,3.8,,,,,,2.6,,,,22.9,,27.9,,,,11.1,,17.6
e2023-0940,e2023,CIS,,2021-04-05,2021-04-14,3823.0,62.6,False,,0.9,0.4,0.2,,4.0,0.6,3.2,,,1.2,2.3,,1.7,,20.8,0.0,30.0,,,0.1,10.8,0.3,18.8
e2023-0942,e2023,GAD3,NIUS,2021-04-14,2021-04-16,1001.0,63.0,False,,1.1,0.6,0.4,,4.5,0.8,3.2,,,2.0,2.3,,1.9,,27.0,0.2,28.7,,,0.1,9.2,0.4,14.5
e2023-0951,e2023,NC Report,La Razón,2021-05-04,2021-05-08,1000.0,64.4,False,,1.3,,,,2.8,,3.4,,,2.3,3.7,,1.5,,26.9,,26.1,,,,9.9,0.4,17.1
e2023-0953,e2023,Simple Lógica,,2021-05-04,2021-05-12,1063.0,65.5,False,,,,,,4.0,,,,,,4.0,,,,26.2,,26.0,,,,8.7,,15.9
e2023-0955,e2023,Celeste-Tel,Onda Cero,2021-05-10,2021-05-14,1100.0,64.5,False,,1.1,0.6,0.4,,2.5,0.9,3.2,,,2.0,6.0,,1.3,,28.1,0.3,26.0,,,0.1,9.6,0.4,16.2
e2023-0958,e2023,GAD3,ABC,2021-05-12,2021-05-18,1202.0,74.0,False,,1.2,0.7,0.4,,3.3,1.0,3.0,,,2.4,4.1,,1.8,,30.5,0.2,25.4,,,0.1,8.3,0.4,13.8
e2023-0963,e2023,NC Report,La Razón,2021-05-17,2021-05-22,1000.0,64.2,False,,1.2,,,,2.9,,3.3,,,2.3,3.9,,1.6,,30.0,,25.8,,,,9.2,0.4,14.9
e2023-0970,e2023,Simple Lógica,,2021-06-01,2021-06-09,1017.0,64.4,False,,,,,,3.4,,,,,,6.0,,,,27.1,,23.0,,,,9.3,,17.0
e2023-0971,e2023,GAD3,NIUS,2021-06-07,2021-06-10,1026.0,65.0,False,,1.2,0.7,0.6,,2.9,1.1,3.0,,,2.6,4.5,,1.4,,30.7,0.2,25.5,,,0.1,9.2,0.4,12.4
e2023-0975,e2023,Celeste-Tel,Onda Cero,2021-06-14,2021-06-18,1100.0,64.2,False,,1.1,0.7,0.4,,2.4,0.9,3.2,,,2.2,5.7,,1.4,,29.8,0.2,25.3,,,0.1,9.5,0.4,15.5
e2023-0981,e2023,NC Report,La Razón,2021-06-23,2021-06-26,1000.0,63.8,False,,1.2,,,,2.6,,3.3,,,2.4,4.6,,1.7,,30.4,,24.7,,,,9.0,0.4,15.1
e2023-0988,e2023,Simple Lógica,,2021-07-05,2021-07-12,1076.0,64.9,False,,,,,,2.4,,,,,,3.5,,,,26.9,,23.0,,,,12.1,,17.4
e2023-0989,e2023,CIS,,2021-07-02,2021-07-15,3798.0,62.2,False,,0.8,1.0,0.6,,3.1,0.7,3.7,,,2.1,4.0,,1.2,,26.8,0.1,25.1,,,0.1,10.1,0.4,15.6
e2023-0993,e2023,NC Report,La Razón,2021-07-12,2021-07-16,1000.0,64.2,False,,1.2,,,,2.7,,3.3,,,2.4,3.7,,1.6,,29.8,,25.9,,,,9.2,0.4,15.3
e2023-0998,e2023,GAD3,ABC,2021-07-16,2021-07-22,1030.0,73.0,False,,1.1,0.6,0.5,,3.5,1.0,3.3,,,2.4,3.3,,1.4,,31.1,0.2,25.1,,,0.1,10.0,0.4,12.4
e2023-1001,e2023,Celeste-Tel,Onda Cero,2021-07-20,2021-07-23,1100.0,64.4,False,,1.1,0.7,0.4,,3.3,0.9,3.2,,,2.2,4.6,,1.5,,30.0,0.2,25.6,,,0.1,9.6,0.4,14.9
e2023-1004,e2023,Simple Lógica,,2021-08-02,2021-08-04,1062.0,62.8,False,,,,,,2.9,,,,,,4.6,,,,24.6,,27.9,,,,10.8,,15.9
e2023-1008,e2023,Celeste-Tel,Onda Cero,2021-08-16,2021-08-20,1100.0,64.1,False,,1.1,0.7,0.4,,3.5,0.9,3.2,,,2.3,4.5,,1.5,,29.7,0.2,25.7,,,0.1,9.7,0.4,14.8
e2023-1011,e2023,NC Report,La Razón,2021-08-24,2021-08-27,1000.0,63.8,False,,1.2,,,,2.7,,3.3,,,2.4,3.4,,1.6,,30.1,,25.3,,,,9.3,0.4,14.7
e2023-1021,e2023,Simple Lógica,,2021-09-01,2021-09-16,1027.0,64.9,False,,,,,,3.3,,,,,,4.9,,,,22.5,,26.2,,,,11.3,,17.7
e2023-1023,e2023,NC Report,La Razón,2021-09-14,2021-09-18,1000.0,63.6,False,,1.2,,,,2.7,,3.3,,,2.3,3.4,,1.7,,29.9,,25.0,,,,9.5,0.4,14.9
e2023-1027,e2023,Celeste-Tel,Onda Cero,2021-09-16,2021-09-21,1100.0,63.6,False,,1.1,0.7,0.4,,3.5,0.9,3.2,,,2.3,4.1,,1.5,,29.2,0.2,26.1,,,0.1,9.9,0.4,15.1
e2023-1031,e2023,Ágora Integral,Canarias Ahora,2021-09-23,2021-09-27,1000.0,61.9,False,,1.2,0.5,0.4,,3.2,1.0,3.5,,,2.3,3.7,,1.9,,26.3,0.3,26.1,,,0.1,11.5,,15.4
e2023-1033,e2023,Hamalgama Métrica,Vozpópuli,2021-10-01,2021-10-06,1000.0,65.7,False,,1.1,0.6,0.5,,2.7,0.9,3.3,,,2.3,3.6,,1.5,,28.7,0.2,26.2,,,0.1,10.1,0.4,15.9
e2023-1041,e2023,GAD3,ABC,2021-10-08,2021-10-14,1001.0,75.0,False,,1.2,0.7,0.5,,2.8,0.9,3.0,,,2.0,2.4,,1.7,,29.2,0.2,26.2,,,0.1,10.1,0.4,15.4
e2023-1043,e2023,NC Report,La Razón,2021-10-13,2021-10-15,1000.0,63.3,False,,1.1,,,,2.7,,3.4,,,2.2,3.2,,1.7,,29.6,,25.4,,,,9.6,0.4,15.1
e2023-1045,e2023,Simple Lógica,,2021-09-30,2021-10-15,1056.0,64.5,False,,,,,,4.0,,,,,,2.3,,,,25.5,,23.8,,,,12.4,,17.6
e2023-1049,e2023,Celeste-Tel,Onda Cero,2021-10-18,2021-10-22,1100.0,63.3,False,,1.1,0.7,0.5,,3.4,0.9,3.2,,,2.2,4.1,,1.6,,28.9,0.2,26.4,,,0.1,10.0,0.4,15.1
e2023-1056,e2023,Metroscopia,,2021-10-21,2021-11-04,2400.0,66.0,False,,,,,,2.7,,,,,,3.0,,,,25.2,,26.5,,,,11.0,0.4,18.0
e2023-1059,e2023,NC Report,La Razón,2021-11-02,2021-11-06,1000.0,62.6,False,,1.0,,,,2.9,,3.4,,,2.2,3.0,,1.7,,29.3,,25.2,,,,9.8,0.4,15.2
e2023-1063,e2023,GAD3,NIUS,2021-11-08,2021-11-11,1001.0,66.0,False,,1.0,0.7,0.6,,2.5,0.8,3.3,,,1.9,2.8,,1.6,,29.5,0.2,24.9,,,0.1,11.8,0.4,14.7
e2023-1066,e2023,Simple Lógica,,2021-10-30,2021-11-15,1026.0,62.9,False,,,,,,2.8,,,,,,3.8,,,,23.0,,24.3,,,,11.4,,18.3
e2023-1067,e2023,Celeste-Tel,Onda Cero,2021-11-11,2021-11-16,1100.0,63.4,False,,1.1,0.7,0.5,,3.4,0.9,3.1,,,2.2,4.0,,1.6,,28.5,0.2,26.1,,,0.1,10.5,0.4,15.4
e2023-1079,e2023,Ágora Integral,Canarias Ahora,2021-12-01,2021-12-05,1500.0,62.5,False,,1.2,0.5,0.4,,3.2,1.0,3.7,,,2.1,4.4,,1.6,,24.5,0.3,25.5,,,0.9,11.8,,16.9
e2023-1083,e2023,NC Report,La Razón,2021-12-08,2021-12-11,1000.0,62.2,False,,1.0,,,,3.0,,3.4,,,2.2,3.5,,1.7,,28.8,,25.3,,,,9.9,0.4,15.5
e2023-1084,e2023,CIS,,2021-12-01,2021-12-13,3733.0,63.9,False,,0.8,0.5,0.2,,4.6,1.0,2.6,,,1.7,2.7,,1.2,,20.7,0.1,24.7,,,0.0,14.1,0.3,18.8
e2023-1085,e2023,Simple Lógica,,2021-12-01,2021-12-13,1041.0,65.3,False,,,,,,3.6,,,,,,2.8,,,,23.1,,25.5,,,,10.6,,19.4
e2023-1086,e2023,GAD3,ABC,2021-12-13,2021-12-16,1003.0,68.0,False,,1.3,0.8,0.6,,2.5,0.8,3.3,,,2.1,2.5,,1.6,,28.5,0.2,25.1,,,0.1,9.8,0.4,17.1
e2023-1103,e2023,Simple Lógica,elDiario.es,2022-01-03,2022-01-13,1039.0,63.0,False,,,,,,2.5,,,,,,2.3,,,,24.3,,24.6,,,,11.1,,18.7
e2023-1104,e2023,CIS,,2022-01-03,2022-01-14,3777.0,59.3,False,,0.9,0.7,0.4,,3.0,0.5,3.1,0.0,,1.6,2.6,,1.3,,22.4,0.0,26.9,,,,11.7,0.4,19.0
e2023-1105,e2023,Celeste-Tel,Onda Cero,2022-01-10,2022-01-14,1100.0,63.5,False,,1.1,0.8,0.6,,3.4,0.9,3.0,0.1,,2.3,3.6,,1.5,,27.2,0.2,26.2,,,,11.0,0.4,16.5
e2023-1113,e2023,NC Report,La Razón,2022-01-24,2022-01-28,1000.0,62.5,False,,1.1,,,,3.0,,3.4,,,2.2,3.1,,1.6,,27.3,,25.3,,,,11.1,0.4,16.7
e2023-1117,e2023,Simple Lógica,elDiario.es,2022-02-01,2022-02-10,1903.0,63.3,False,,,,,,3.1,,,,,,3.0,,,,21.3,,26.7,,,,12.3,,19.8
e2023-1122,e2023,GAD3,NIUS,2022-02-14,2022-02-17,1000.0,64.0,False,,1.2,0.9,0.5,,3.7,0.7,3.1,0.1,,2.3,1.4,,1.7,,22.2,0.2,31.9,,,,8.8,0.3,18.8
e2023-1136,e2023,Ágora Integral,Canarias Ahora,2022-02-23,2022-02-25,1000.0,62.5,False,,1.2,0.5,0.4,,3.6,1.0,3.5,0.9,,2.3,2.8,,1.6,,20.6,0.3,27.9,,,,10.9,,20.5
e2023-1143,e2023,NC Report,La Razón,2022-03-01,2022-03-04,1000.0,62.3,False,,1.2,,,,3.2,,3.4,,,2.2,3.3,,1.6,,24.6,,25.8,,,,10.3,0.4,19.0
e2023-1147,e2023,Celeste-Tel,Onda Cero,2022-03-02,2022-03-09,1100.0,63.4,False,,1.1,0.8,0.6,,3.7,0.9,3.2,0.1,,2.1,3.5,,1.5,,23.3,0.2,26.8,,,,11.1,0.4,19.5
e2023-1149,e2023,Simple Lógica,elDiario.es,2022-03-01,2022-03-10,1083.0,59.7,False,,,,,,2.4,,,,,,2.7,,,,23.2,,30.8,,,,10.4,,18.8
e2023-1174,e2023,Simple Lógica,elDiario.es,2022-04-01,2022-04-07,1048.0,65.0,False,,,,,,2.5,,,,,,3.6,,,,27.9,,27.2,,,,11.4,,17.6
e2023-1180,e2023,NC Report,La Razón,2022-04-11,2022-04-15,1000.0,63.3,False,,1.0,,,,3.0,,3.3,,,2.1,2.3,,1.5,,29.5,,25.4,,,,10.1,,16.3
e2023-1182,e2023,Celeste-Tel,Onda Cero,2022-04-11,2022-04-20,1100.0,64.8,False,,1.1,0.8,0.6,,3.0,0.9,3.2,0.1,,2.0,3.1,,1.5,,27.1,0.2,26.4,,,,10.9,0.4,17.1
e2023-1194,e2023,Ágora Integral,Canarias Ahora,2022-05-05,2022-05-09,1000.0,62.5,False,,1.2,0.7,0.4,,2.3,1.0,3.7,0.7,,2.1,3.7,,1.4,,24.5,0.2,24.1,,,,13.5,,18.5
e2023-1195,e2023,Simple Lógica,elDiario.es,2022-05-03,2022-05-11,1049.0,66.4,False,,,,,,2.8,,,,,,2.4,,,,29.2,,25.7,,,,10.4,,18.3
e2023-1197,e2023,Celeste-Tel,Onda Cero,2022-05-09,2022-05-13,1100.0,65.2,False,,1.1,0.8,0.6,,2.8,0.9,3.1,0.1,,2.0,3.3,,1.5,,26.9,0.2,26.3,,,,10.7,0.4,17.6
e2023-1211,e2023,Simple Lógica,elDiario.es,2022-06-01,2022-06-09,1055.0,63.7,False,,,,,,2.3,,,,,,1.2,,,,26.8,,25.2,,,,11.1,,19.6
e2023-1231,e2023,Simple Lógica,elDiario.es,2022-07-01,2022-07-11,1044.0,69.8,False,,,,,,1.6,,,,,,2.8,,,,33.0,,25.3,,,,12.0,,14.1
e2023-1233,e2023,Celeste-Tel,Onda Cero,2022-07-07,2022-07-12,1100.0,64.9,False,,1.2,0.8,0.6,,2.9,1.0,3.2,0.1,,2.0,3.4,,1.5,,30.8,0.2,25.2,,,,10.3,0.4,15.0
e2023-1234,e2023,GAD3,NIUS,2022-07-12,2022-07-14,1000.0,65.0,False,,1.2,0.6,0.4,,1.2,0.9,3.1,0.1,,2.1,2.4,,1.6,,35.0,0.2,24.4,,,,9.7,0.2,13.8
e2023-1240,e2023,NC Report,La Razón,2022-07-18,2022-07-21,1000.0,65.7,False,,1.2,,,,2.0,,3.3,,,2.1,3.0,,1.5,,32.2,,24.5,,,,9.7,0.4,14.4
e2023-1247,e2023,Simple Lógica,elDiario.es,2022-08-01,2022-08-08,1078.0,62.8,False,,,,,,1.6,,,,,,3.5,,,,31.4,,26.0,,,,10.6,,14.5
e2023-1251,e2023,Celeste-Tel,Onda Cero,2022-08-16,2022-08-20,1100.0,64.6,False,,1.2,0.8,0.5,,2.4,1.0,3.2,0.1,,2.1,3.4,,1.6,,33.0,0.2,24.3,,,,10.1,0.4,13.7
e2023-1265,e2023,Simple Lógica,elDiario.es,2022-09-01,2022-09-09,1044.0,64.8,False,,,,,,2.9,,,,,,2.7,,,,29.4,,25.8,,,,8.8,,17.3
e2023-1266,e2023,CIS,,2022-09-01,2022-09-10,3837.0,62.4,False,,0.9,0.5,0.1,,1.5,0.8,2.1,0.0,,1.5,1.9,,1.0,,31.4,0.0,26.3,,,,11.1,0.4,14.1
e2023-1278,e2023,Celeste-Tel,Onda Cero,2022-09-26,2022-09-30,1100.0,64.9,False,,1.2,0.8,0.5,,2.2,1.1,3.4,0.1,,2.1,3.2,,1.7,,33.9,0.2,24.1,,,,10.0,0.4,12.4
e2023-1285,e2023,CIS,,2022-10-01,2022-10-10,3713.0,65.4,False,,1.0,0.5,0.4,,2.1,0.6,1.9,0.0,,1.4,1.5,,1.0,,32.1,0.0,27.1,,,,11.7,0.3,13.6
e2023-1288,e2023,NC Report,La Razón,2022-10-10,2022-10-14,1000.0,65.8,False,,1.3,,,,1.5,,3.3,,,2.2,3.5,,1.5,,34.1,,24.0,,,,9.7,0.4,12.9
e2023-1289,e2023,Simple Lógica,elDiario.es,2022-10-03,2022-10-14,1048.0,64.0,False,,,,,,1.6,,,,,,2.9,,,,30.4,,28.0,,,,9.7,,13.2
e2023-1295,e2023,CIS,,2022-10-11,2022-10-26,5557.0,63.3,False,,1.0,0.7,0.4,,1.4,0.9,2.6,0.0,,1.6,1.2,,1.2,,32.8,0.2,28.5,,,,8.7,0.4,13.5
e2023-1307,e2023,Simple Lógica,elDiario.es,2022-11-02,2022-11-11,996.0,66.1,False,,,,,,1.7,,,,,,1.5,,,,29.6,,27.6,,,,11.1,,15.7
e2023-1308,e2023,CIS,,2022-11-02,2022-11-12,3821.0,63.1,False,,0.9,0.4,0.4,,1.6,0.6,2.5,0.1,,1.1,0.7,,1.4,,28.8,0.0,28.4,,,,11.6,0.4,15.1
e2023-1309,e2023,NC Report,La Razón,2022-11-08,2022-11-12,1000.0,65.4,False,,1.3,,,,1.7,,3.5,,,2.0,3.3,,1.5,,34.0,,23.8,,,,9.9,0.4,12.6
e2023-1311,e2023,Celeste-Tel,Onda Cero,2022-11-07,2022-11-16,1100.0,64.7,False,,1.3,0.8,0.5,,2.2,1.0,3.3,0.1,,2.1,2.9,,1.6,,32.8,0.2,25.0,,,,10.3,0.4,13.6
e2023-1317,e2023,GAD3,ABC,2022-09-01,2022-11-23,8191.0,65.0,False,,1.0,0.6,0.3,,1.6,0.8,3.1,0.1,,2.0,2.3,,1.3,,34.0,0.2,26.6,,,,8.9,0.1,14.2
e2023-1331,e2023,Simple Lógica,elDiario.es,2022-12-01,2022-12-13,1029.0,66.5,False,,,,,,0.3,,,,,,2.5,,,,27.8,,27.6,,,,9.4,,18.2
e2023-1332,e2023,CIS,,2022-12-01,2022-12-14,3821.0,63.6,False,,0.7,0.5,0.2,,1.6,0.5,2.2,0.1,,1.3,1.5,,1.5,,30.2,0.0,27.7,,,,10.8,0.5,15.2
e2023-1335,e2023,NC Report,La Razón,2022-12-13,2022-12-17,1000.0,65.8,False,,1.3,,,,1.8,,3.5,,,2.0,3.3,,1.5,,33.6,,23.6,,,,9.9,0.2,13.1
e2023-1338,e2023,GAD3,PP,2022-12-16,2022-12-21,1209.0,71.0,False,,1.1,0.6,0.3,,1.8,0.7,3.0,0.1,,1.8,2.1,,1.4,,33.2,0.2,26.0,,,,10.4,0.2,13.0
e2023-1339,e2023,Celeste-Tel,Onda Cero,2022-12-12,2022-12-21,1100.0,65.1,False,,1.3,0.8,0.5,,2.3,1.0,3.3,0.1,,2.1,2.9,,1.6,,32.3,0.2,25.1,,,,10.5,0.2,14.0
e2023-1351,e2023,GAD3,NIUS,2022-12-28,2023-01-04,1002.0,67.0,False,,1.0,0.6,0.4,,1.0,0.7,2.6,0.1,,2.0,1.6,,1.3,,33.2,0.2,25.9,,,,10.1,0.2,15.3
e2023-1353,e2023,Simple Lógica,elDiario.es,2023-01-02,2023-01-10,1012.0,67.9,False,,,,,,1.8,,,,,,3.2,,,,29.9,,27.0,,,,10.5,,14.9
e2023-1355,e2023,CIS,,2023-01-02,2023-01-12,3961.0,65.8,False,,0.9,0.6,0.2,,1.9,0.7,2.2,0.1,,1.4,1.8,,1.0,,31.6,0.2,26.4,,,,12.3,0.3,13.6
e2023-1358,e2023,Ágora Integral,Canarias Ahora,2023-01-15,2023-01-15,1000.0,66.2,False,,1.1,0.4,0.4,,0.7,1.0,3.7,0.8,,1.7,2.2,,1.6,,32.3,0.3,25.9,,,,11.7,0.4,15.0
e2023-1361,e2023,Celeste-Tel,Onda Cero,2023-01-12,2023-01-20,1100.0,64.9,False,,1.3,0.8,0.5,,2.0,0.9,3.3,0.1,,2.1,3.0,,1.5,,32.4,0.2,24.9,,,,10.4,0.2,14.6
e2023-1371,e2023,Simple Lógica,elDiario.es,2023-02-01,2023-02-07,1240.0,65.7,False,,,,,,1.7,,,,,,2.3,,,,29.7,,27.7,,,,11.2,,15.2
e2023-1375,e2023,CIS,,2023-02-01,2023-02-11,3935.0,62.6,False,,1.0,0.5,0.2,,2.0,0.5,1.7,0.1,,0.9,1.9,,1.1,,31.9,0.2,26.3,,,,11.5,0.4,15.0
e2023-1378,e2023,GAD3,NIUS,2023-02-20,2023-02-22,1001.0,68.0,False,,1.0,0.7,0.5,,1.4,0.8,2.4,0.1,,1.7,2.4,,1.4,,33.9,0.2,26.9,,,,9.6,0.2,13.4
e2023-1384,e2023,NC Report,La Razón,2023-02-20,2023-02-24,1000.0,66.2,False,,1.2,,,,1.9,,3.2,,,2.0,2.9,,1.5,,33.4,,24.2,,,,10.0,,13.8
e2023-1390,e2023,Celeste-Tel,Onda Cero,2023-03-01,2023-03-06,1100.0,64.5,False,,1.3,0.7,0.4,,2.2,0.9,3.3,0.1,,2.1,2.8,,1.5,,32.7,0.2,24.8,,,,10.2,0.2,14.3
e2023-1391,e2023,Simple Lógica,elDiario.es,2023-03-01,2023-03-07,1028.0,66.1,False,,,,,,2.1,,,,,,2.0,,,,28.8,,27.0,,,,12.4,,15.3
e2023-1395,e2023,CIS,,2023-03-01,2023-03-11,3788.0,60.0,False,,0.9,0.6,0.8,,2.6,0.6,2.5,0.3,,1.3,2.0,,1.4,,31.9,0.0,28.6,,,,8.8,0.1,15.1
e2023-1400,e2023,GAD3,ABC,2023-03-22,2023-03-24,1011.0,65.0,False,,1.0,0.6,0.5,,1.7,0.7,2.3,0.1,,1.9,1.6,,1.2,,32.4,0.2,27.6,,,,8.9,0.2,14.9
e2023-1409,e2023,NC Report,La Razón,2023-04-03,2023-04-06,1000.0,65.9,False,,,,,,1.7,,3.1,,,,,,,5.1,33.1,,21.9,,11.8,,,,13.8
e2023-1412,e2023,Simple Lógica,elDiario.es,2023-04-03,2023-04-12,1014.0,65.3,False,,,,,,2.0,,,,,,,,,6.3,28.1,,26.2,,9.7,,,,15.4
e2023-1415,e2023,Celeste-Tel,Onda Cero,2023-04-17,2023-04-21,1100.0,64.9,False,,1.1,0.7,0.4,,2.4,0.9,3.3,0.1,,2.1,,,1.5,5.2,32.2,0.2,23.7,,9.8,,,0.2,14.5
e2023-1426,e2023,NC Report,La Razón,2023-05-06,2023-05-06,1000.0,66.0,False,,,,,,,,3.1,,,,,,,4.9,33.2,,22.3,,11.6,,,,13.5
e2023-1427,e2023,CIS,,2023-05-03,2023-05-08,4030.0,64.6,False,,1.2,0.6,0.4,,1.0,0.8,2.4,0.0,,1.3,,,1.1,5.4,28.7,0.1,24.5,,12.0,,,0.1,16.0
e2023-1428,e2023,GAD3,NIUS,2023-05-08,2023-05-09,1011.0,68.0,False,,1.3,0.6,0.4,,1.4,0.7,2.4,0.1,,1.5,,,1.3,6.2,32.9,0.1,26.9,,7.4,,,0.2,13.2
e2023-1429,e2023,Simple Lógica,elDiario.es,2023-05-03,2023-05-11,1013.0,70.2,False,,,,,,1.2,,,,,,,,,7.3,27.9,,26.2,,10.7,,,,15.8
e2023-1441,e2023,Target Point,El Debate,2023-05-31,2023-06-02,1027.0,62.4,False,,,,,,,,,,,,,,,,34.4,,27.6,,12.8,,,,13.6
e2023-1443,e2023,NC Report,La Razón,2023-05-30,2023-06-03,1000.0,65.5,False,,1.3,,,,,,3.1,,,2.0,,,1.5,4.2,34.6,,23.3,,10.5,,,,14.3
e2023-1446,e2023,GAD3,ABC,2023-06-05,2023-06-08,2007.0,70.0,False,,1.4,0.7,0.5,,,0.8,2.3,0.1,,1.9,,,1.3,,36.6,,27.7,,11.2,,,0.1,12.4
e2023-1448,e2023,Simple Lógica,elDiario.es,2023-06-01,2023-06-08,1027.0,73.4,False,,,,,,,,,,,,,,,,34.1,,27.9,,12.8,,,,14.1
e2023-1461,e2023,NC Report,La Razón,2023-06-12,2023-06-17,1000.0,64.9,False,,1.3,,,,,0.8,3.0,,,2.0,,,1.5,,34.7,,25.5,,12.9,,,,14.1
e2023-1463,e2023,Celeste-Tel,Onda Cero,2023-06-19,2023-06-21,1100.0,65.1,False,,1.3,0.9,0.3,,,0.9,3.0,0.1,,2.3,,,1.5,,34.2,,26.7,,12.8,,,0.3,14.0
e2023-1469,e2023,NC Report,La Razón,2023-06-19,2023-06-24,1000.0,65.3,False,,1.3,,,,,0.8,3.1,,,2.0,,,1.6,,34.3,,25.9,,13.1,,,,13.9
e2023-1473,e2023,CIS,,2023-06-08,2023-06-27,29201.0,71.2,False,,1.1,0.7,0.3,,,0.8,1.5,0.2,,1.7,,,1.1,,33.8,,26.3,,14.3,,,0.0,14.9
e2023-1474,e2023,GAD3,NIUS,2023-06-27,2023-06-28,1005.0,70.0,False,,1.3,0.6,0.4,,,0.5,2.2,0.1,,1.6,,,1.2,,36.6,,28.5,,12.7,,,0.1,11.6
e2023-1477,e2023,IMOP,El Confidencial,2023-06-27,2023-06-29,1043.0,73.0,False,,1.3,1.1,0.3,,,0.8,2.6,1.0,,2.1,,,1.4,,32.6,,26.2,,13.3,,,1.4,15.3
e2023-1478,e2023,GAD3,ABC,2023-06-29,2023-06-30,1004.0,70.0,False,,1.3,0.6,0.5,,,0.5,2.2,0.1,,1.8,,,1.3,,36.6,,28.4,,12.6,,,0.1,11.5
e2023-1479,e2023,NC Report,La Razón,2023-06-26,2023-06-30,1000.0,65.2,False,,1.3,,,,,0.7,3.0,,,2.1,,,1.5,,34.4,,26.3,,13.3,,,,13.7
e2023-1483,e2023,GAD3,ABC,2023-06-29,2023-07-03,1503.0,69.0,False,,1.3,0.6,0.5,,,0.5,2.1,0.1,,1.8,,,1.2,,36.8,,28.2,,12.8,,,0.1,11.5
e2023-1486,e2023,GAD3,ABC,2023-06-29,2023-07-04,2001.0,69.0,False,,1.2,0.5,0.4,,,0.5,2.1,0.1,,1.8,,,1.2,,36.9,,28.1,,12.6,,,0.1,11.8
e2023-1488,e2023,Sigma Dos,El Mundo,2023-06-24,2023-07-04,4501.0,71.8,False,,1.1,,,,,,2.1,,,2.0,,,1.2,,34.3,,28.8,,12.6,,,,13.0
e2023-1489,e2023,GAD3,ABC,2023-06-29,2023-07-05,2502.0,70.0,False,,1.3,0.5,0.4,,,0.5,2.1,0.1,,1.8,,,1.2,,36.4,,28.5,,12.3,,,0.1,12.2
e2023-1493,e2023,IMOP,El Confidencial,2023-07-04,2023-07-06,1559.0,70.0,False,,1.3,1.0,0.3,,,0.9,2.3,0.1,,2.2,,,1.5,,32.9,,27.7,,13.0,,,0.3,14.2
e2023-1494,e2023,GAD3,ABC,2023-06-29,2023-07-06,3001.0,69.0,False,,1.3,0.5,0.4,,,0.5,2.1,0.1,,1.8,,,1.2,,36.4,,28.6,,12.2,,,0.1,12.2
e2023-1495,e2023,Ipsos,La Vanguardia,2023-07-03,2023-07-06,2001.0,70.0,False,,1.3,0.6,0.3,,,0.5,1.6,0.3,,1.8,,,1.2,,35.3,,28.2,,12.9,,,,12.6
e2023-1498,e2023,Sigma Dos,El Mundo,2023-06-30,2023-07-06,4518.0,71.9,False,,1.1,,,,,,2.1,,,2.0,,,1.2,,34.7,,28.4,,12.6,,,,12.7
e2023-1501,e2023,GAD3,ABC,2023-06-29,2023-07-07,3502.0,70.0,False,,1.3,0.5,0.4,,,0.5,2.2,0.1,,1.9,,,1.2,,36.3,,28.9,,11.9,,,0.1,12.1
e2023-1502,e2023,NC Report,La Razón,2023-07-03,2023-07-07,1000.0,65.1,False,,1.3,,,,,0.7,2.8,,,2.1,,,1.4,,35.7,,27.4,,12.4,,,,12.6
e2023-1503,e2023,Sigma Dos,El Mundo,2023-07-01,2023-07-07,4533.0,71.7,False,,1.0,,,,,,2.2,,,2.0,,,1.1,,35.0,,28.2,,12.5,,,,12.8
e2023-1508,e2023,GAD3,ABC,2023-06-29,2023-07-08,4001.0,70.0,False,,1.3,0.5,0.4,,,0.5,2.3,0.1,,1.8,,,1.2,,36.3,,28.8,,11.8,,,0.1,12.3
e2023-1509,e2023,Sigma Dos,El Mundo,2023-07-03,2023-07-08,4506.0,71.8,False,,1.0,,,,,,2.1,,,2.0,,,1.1,,34.9,,28.3,,12.5,,,,12.8
e2023-1517,e2023,GAD3,ABC,2023-06-29,2023-07-10,4003.0,69.0,False,,1.3,0.5,0.4,,,0.5,2.2,0.1,,1.9,,,1.2,,36.3,,28.6,,12.0,,,0.1,12.3
e2023-1518,e2023,Sigma Dos,El Mundo,2023-07-04,2023-07-10,4482.0,72.3,False,,1.1,,,,,,2.2,,,2.0,,,1.1,,34.6,,28.6,,12.3,,,,12.7
e2023-1524,e2023,GAD3,ABC,2023-06-29,2023-07-11,5001.0,69.0,False,,1.3,0.6,0.4,,,0.5,2.3,0.1,,2.0,,,1.3,,36.7,,27.9,,12.0,,,0.1,12.0
e2023-1526,e2023,NC Report,La Razón,2023-07-10,2023-07-11,1000.0,64.4,False,,1.3,,,,,0.7,2.7,,,2.1,,,1.4,,36.0,,27.8,,12.2,,,,12.4
e2023-1527,e2023,Sigma Dos,El Mundo,2023-07-05,2023-07-11,4455.0,71.5,False,,1.0,,,,,,2.1,,,2.0,,,1.1,,34.4,,28.6,,12.7,,,,13.0
e2023-1534,e2023,Celeste-Tel,Onda Cero,2023-07-10,2023-07-12,1100.0,63.2,False,,1.5,0.8,0.4,,,0.9,2.3,0.1,,2.1,,,1.4,,36.5,,28.4,,11.5,,,0.2,11.4
e2023-1535,e2023,GAD3,ABC,2023-06-29,2023-07-12,5502.0,69.0,False,,1.3,0.5,0.4,,,0.5,2.3,0.1,,2.0,,,1.2,,36.7,,28.2,,11.6,,,0.1,12.4
e2023-1538,e2023,NC Report,La Razón,2023-07-11,2023-07-12,1000.0,64.2,False,,1.5,,,,,0.6,2.6,,,2.1,,,1.5,,36.3,,27.7,,11.9,,,,12.0
e2023-1539,e2023,Sigma Dos,El Mundo,2023-07-06,2023-07-12,4608.0,71.0,False,,1.0,,,,,,2.4,,,2.4,,,1.1,,34.5,,28.1,,12.8,,,,12.8
e2023-1542,e2023,Sondaxe,La Voz de Galicia,2023-07-06,2023-07-12,1000.0,69.7,False,,,,,,,,,,,,,,,,33.4,,28.0,,13.5,,,,12.8
e2023-1546,e2023,GAD3,ABC,2023-06-29,2023-07-13,6003.0,70.0,False,,1.3,0.5,0.4,,,0.5,2.3,0.1,,2.0,,,1.2,,36.8,,28.5,,11.3,,,0.1,12.3
e2023-1547,e2023,NC Report,La Razón,2023-07-12,2023-07-13,1000.0,64.0,False,,1.5,,,,,0.6,2.5,,,2.1,,,1.5,,36.6,,27.8,,11.5,,,,11.9
e2023-1548,e2023,Sigma Dos,El Mundo,2023-07-07,2023-07-13,4816.0,71.2,False,,1.0,,,,,,2.5,,,2.4,,,1.2,,34.6,,28.0,,13.0,,,,12.6
e2023-1553,e2023,Sondaxe,La Voz de Galicia,2023-07-09,2023-07-13,1000.0,70.8,False,,,,,,,,,,,,,,,,33.2,,27.7,,14.3,,,,12.8
e2023-1556,e2023,GAD3,ABC,2023-06-29,2023-07-14,6501.0,71.0,False,,1.3,0.5,0.4,,,0.5,2.3,0.1,,2.0,,,1.2,,37.2,,28.5,,11.4,,,0.1,11.7
e2023-1560,e2023,NC Report,La Razón,2023-07-13,2023-07-14,1000.0,62.9,False,,1.5,,,,,0.7,2.4,,,2.1,,,1.5,,36.8,,28.0,,11.4,,,,11.7
e2023-1561,e2023,Sigma Dos,El Mundo,2023-07-08,2023-07-14,4715.0,71.0,False,,1.0,,,,,,2.6,,,2.4,,,1.1,,34.6,,27.9,,13.1,,,,12.4
e2023-1568,e2023,GAD3,ABC,2023-06-29,2023-07-15,6501.0,71.0,False,,1.3,0.5,0.4,,,0.5,2.3,0.1,,2.0,,,1.2,,37.2,,28.5,,11.4,,,0.1,11.7
e2023-1570,e2023,Sigma Dos,El Mundo,2023-07-09,2023-07-15,5622.0,70.9,False,,1.0,,,,,,2.7,,,2.5,,,1.1,,35.0,,28.3,,13.2,,,,11.8
e2023-1573,e2023,Sondaxe,La Voz de Galicia,2023-07-11,2023-07-15,1000.0,69.9,False,,,,,,,,,,,,,,,,34.3,,28.4,,14.2,,,,12.6
e2023-1577,e2023,GAD3,ABC,2023-06-29,2023-07-16,7002.0,71.0,False,,1.3,0.5,0.4,,,0.5,2.3,0.1,,2.0,,,1.3,,37.0,,28.4,,11.5,,,0.1,11.9
e2023-1579,e2023,NC Report,La Razón,2023-07-15,2023-07-16,1000.0,66.7,False,,1.4,,,,,0.7,2.4,,,2.1,,,1.5,,37.2,,28.3,,11.3,,,,11.1
e2023-1585,e2023,GAD3,ABC,2023-06-29,2023-07-17,8001.0,71.0,False,,1.3,0.6,0.4,,,0.5,2.3,0.1,,2.0,,,1.3,,36.9,,28.6,,11.5,,,0.1,11.7
e2023-1590,e2023,Sigma Dos,El Mundo,2023-07-10,2023-07-17,8183.0,71.3,False,,1.0,,,,,,2.6,,,2.4,,,1.1,,35.4,,28.0,,13.6,,,,11.2
e2023-1596,e2023,GESOP,The Adelaide Review,2023-07-18,2023-07-20,1200.0,71.0,False,,,,,,,,2.0,,,1.8,,,,,32.0,,29.0,,14.0,,,,13.0
e2023-1598,e2023,GESOP,The Adelaide Review,2023-07-19,2023-07-21,1200.0,71.0,False,,,,,,,,2.1,,,1.5,,,,,32.7,,28.5,,14.0,,,,13.0
next-1611,next,Simple Lógica,elDiario.es,2023-07-31,2023-08-07,1098.0,74.7,False,,,,,,,,,,,,,,,,31.9,,31.2,,12.7,,,,12.9
next-1618,next,NC Report,La Razón,2023-08-28,2023-09-01,1000.0,64.8,False,,1.4,,,,,,1.7,,,1.7,,,1.1,,35.5,,31.0,,11.2,,,,11.4
next-1619,next,Simple Lógica,elDiario.es,2023-09-01,2023-09-07,1032.0,70.9,False,,,,,,,,,,,,,,,,33.6,,31.8,,12.3,,,,11.7
next-1634,next,Simple Lógica,elDiario.es,2023-10-02,2023-10-10,1010.0,69.4,False,,,,,,,,,,,,,,,,34.1,,32.3,,12.0,,,,10.7
next-1648,next,NC Report,La Razón,2023-10-31,2023-11-04,1000.0,65.0,False,,1.4,0.6,,,,,1.8,,,1.8,,,1.0,,35.8,,31.0,,11.0,,,0.2,11.2
next-1650,next,Celeste-Tel,Onda Cero,2023-11-06,2023-11-10,1100.0,66.0,False,,1.5,0.7,0.3,,,,2.0,,,1.9,,,1.1,,36.5,,30.6,,11.3,,,0.2,10.9
next-1652,next,Simple Lógica,elDiario.es,2023-11-02,2023-11-13,1021.0,72.3,False,,,,,,,,,,,,,,,,35.9,,30.3,,11.7,,,,11.6
next-1668,next,Simple Lógica,elDiario.es,2023-12-01,2023-12-11,1003.0,71.6,False,,,,,,,,,,,,,,,,35.5,,29.6,,12.0,,,,12.3
next-1672,next,NC Report,La Razón,2023-12-12,2023-12-16,1000.0,64.8,False,,1.3,0.6,0.4,,,,1.7,,,1.8,,,1.1,,37.1,,30.1,,10.9,,,0.2,11.0
next-1675,next,Celeste-Tel,Onda Cero,2023-12-21,2023-12-27,1100.0,65.5,False,,1.5,0.7,0.4,,,,1.9,,,1.8,,,1.1,1.1,37.0,,30.3,,10.1,,,0.2,10.8
next-1680,next,CIS,,2024-01-02,2024-01-05,4016.0,68.3,False,,1.2,0.6,0.3,,,,1.6,,,1.4,,,1.1,2.5,36.0,,30.6,,9.3,,,0.1,11.0
next-1682,next,Simple Lógica,elDiario.es,2024-01-02,2024-01-09,1013.0,62.1,False,,,,,,,,,,,,,,,2.4,36.6,,29.4,,10.7,,,,11.4
next-1694,next,Simple Lógica,elDiario.es,2024-02-01,2024-02-09,1018.0,64.9,False,,,,,,,,,,,,,,,2.3,36.6,,29.7,,11.1,,,,12.0
next-1705,next,Celeste-Tel,Onda Cero,2024-03-01,2024-03-06,1100.0,65.8,False,,1.5,0.7,0.5,,,,1.8,,,1.7,,,1.3,1.7,38.5,,28.8,,10.4,,,0.2,10.5
next-1708,next,Simple Lógica,elDiario.es,2024-03-01,2024-03-08,1046.0,64.0,False,,,,,,,,,,,,,,,2.0,36.1,,29.8,,11.6,,,,10.8
next-1718,next,NC Report,La Razón,2024-03-20,2024-03-27,1000.0,65.2,False,,1.4,0.8,0.5,,,,1.7,,,1.8,,,1.1,,38.4,,28.4,,9.3,,,0.2,10.8
next-1723,next,Simple Lógica,elDiario.es,2024-04-01,2024-04-09,1042.0,64.2,False,,,,,,,,,,,,,,,1.5,35.7,,30.5,,10.4,,,,11.7
next-1733,next,Simple Lógica,elDiario.es,2024-05-01,2024-05-09,1131.0,58.3,False,,,,,,,,,,,,,,,1.6,34.4,,29.9,,9.5,,,,12.4
next-1745,next,Simple Lógica,elDiario.es,2024-06-01,2024-06-11,1032.0,60.7,False,,,,,,,,,,,,,,,3.6,33.8,,30.1,,9.0,,,,11.5
next-1748,next,NC Report,La Razón,2024-06-11,2024-06-15,1000.0,65.2,False,,1.7,1.1,0.4,,,,1.8,,,1.9,,,1.2,3.5,34.4,,29.8,4.3,6.3,,,0.2,10.3
next-1756,next,CIS,,2024-07-01,2024-07-04,4007.0,69.8,False,,,,,,,,,,,,,,,4.1,32.2,,30.9,2.5,7.0,,,,13.8
next-1758,next,Simple Lógica,elDiario.es,2024-07-01,2024-07-10,1026.0,62.8,False,,,,,,,,,,,,,,,2.7,33.5,,31.6,3.1,8.6,,,,10.5
next-1769,next,Simple Lógica,elDiario.es,2024-08-01,2024-08-09,1055.0,60.1,False,,,,,,,,,,,,,,,2.9,33.5,,30.5,3.7,7.7,,,,10.5
next-1771,next,NC Report,La Razón,2024-08-20,2024-08-23,1000.0,65.5,False,,1.6,1.0,0.4,,,,1.5,,,1.8,,,1.3,3.5,35.4,,28.7,3.8,6.0,,,0.2,9.6
next-1779,next,Celeste-Tel,Onda Cero,2024-09-02,2024-09-06,1100.0,66.3,False,,1.5,0.8,0.5,,,,1.7,,,1.8,,,1.4,3.2,35.5,,29.6,3.3,7.0,,,0.2,10.4
next-1782,next,Simple Lógica,elDiario.es,2024-09-01,2024-09-13,1032.0,65.6,False,,,,,,,,,,,,,,,3.4,33.5,,30.6,3.8,7.4,,,,10.5
next-1792,next,Celeste-Tel,Onda Cero,2024-10-04,2024-10-09,1100.0,66.5,False,,1.5,0.8,0.5,,,,1.7,,,1.9,,,1.3,3.7,35.7,,29.3,2.6,6.9,,,0.2,10.7
next-1809,next,Celeste-Tel,Onda Cero,2024-11-07,2024-11-15,1100.0,64.8,False,,1.5,0.8,0.5,,,,1.6,,,2.0,,,1.3,5.1,34.9,,28.7,1.9,5.8,,,0.2,12.4
next-1819,next,NC Report,La Razón,2024-11-25,2024-11-29,1000.0,64.9,False,,1.5,0.8,0.5,,,,1.7,,,2.0,,,1.3,4.2,35.5,,28.4,,5.4,,,0.2,13.5
next-1832,next,NC Report,La Razón,2024-12-20,2024-12-27,1000.0,65.0,False,,1.5,0.8,0.4,,,,1.6,,,1.8,,,1.2,4.5,35.1,,28.0,,5.3,,,0.2,13.9
next-1839,next,Celeste-Tel,Onda Cero,2025-01-07,2025-01-11,1100.0,66.3,False,,1.3,0.8,0.5,,,,1.7,,,1.9,,,1.1,5.1,34.1,,28.1,2.1,6.2,,,0.2,14.3
next-1852,next,NC Report,La Razón,2025-02-04,2025-02-07,1000.0,65.2,False,,1.5,0.8,0.5,,,,1.6,,,1.8,,,1.1,4.7,34.8,,27.9,,5.6,,,0.2,14.3
next-1855,next,Celeste-Tel,Onda Cero,2025-02-12,2025-02-17,1100.0,66.5,False,,1.2,0.8,0.5,,,,1.7,,,1.9,,,1.1,5.4,34.3,,27.9,2.0,6.5,,,0.2,14.2
next-1864,next,NC Report,La Razón,2025-03-03,2025-03-07,1500.0,65.4,False,,1.4,0.8,0.5,,,,1.6,,,1.8,,,1.2,4.7,34.1,,28.5,,5.8,,,0.2,14.5
next-1870,next,Celeste-Tel,Onda Cero,2025-03-14,2025-03-21,1100.0,66.8,False,,1.3,0.8,0.5,,,,1.7,,,1.9,,,1.2,5.3,34.4,,28.0,1.9,6.3,,,0.2,14.0
next-1882,next,NC Report,La Razón,2025-04-14,2025-04-17,1000.0,65.5,False,,1.4,0.7,0.5,,,,1.6,,,1.8,,,1.2,4.4,34.3,,28.6,,5.4,,,0.2,14.1
next-1889,next,Celeste-Tel,Onda Cero,2025-04-28,2025-05-06,1100.0,67.0,False,,1.3,0.8,0.5,,,,1.7,,,1.9,,,1.2,5.5,34.5,,28.4,1.9,5.7,,,0.2,13.5
next-1894,next,Ipsos,La Vanguardia,2025-05-15,2025-05-21,2000.0,66.5,False,,1.3,0.8,0.4,,,,1.7,,,1.5,,,1.2,2.7,34.4,,30.4,1.7,5.8,,,0.1,14.1
next-1913,next,NC Report,La Razón,2025-06-19,2025-06-21,1000.0,63.8,False,,1.4,0.7,0.5,,,,1.5,,,1.7,,,1.1,5.8,35.7,,25.5,,4.5,,,0.2,14.8
next-1923,next,Celeste-Tel,Onda Cero,2025-07-10,2025-07-14,1100.0,66.0,False,,1.4,0.8,0.5,,,,1.8,,,1.6,,,1.2,5.4,35.5,,25.6,1.9,6.9,,,0.2,14.3
next-1941,next,NC Report,La Razón,2025-09-01,2025-09-06,1000.0,63.1,False,,1.3,0.8,0.5,,,,1.6,,,1.7,,,1.1,5.2,35.2,,25.8,,4.9,,,0.2,15.4
next-1947,next,Celeste-Tel,Onda Cero,2025-09-08,2025-09-12,1100.0,65.5,False,,1.4,0.8,0.5,,,,1.7,,,1.6,,,1.2,4.7,34.9,,26.1,1.7,6.9,,,0.2,15.2
next-1956,next,NC Report,La Razón,2025-10-01,2025-10-04,1000.0,63.3,False,,1.3,0.8,0.5,,,,1.7,,,1.7,,,1.1,4.6,34.4,,26.6,,4.8,,,0.2,16.1
next-1974,next,NC Report,La Razón,2025-11-11,2025-11-14,1000.0,63.2,False,,1.3,0.8,0.4,,,,1.7,,,1.6,,,1.0,4.1,33.8,,27.2,1.9,5.6,,,0.2,16.7
next-1993,next,NC Report,La Razón,2026-01-05,2026-01-09,1000.0,62.9,False,,1.4,0.8,0.4,,,,1.8,,,1.5,,,1.0,4.4,33.5,,26.3,,6.1,,,0.2,17.6
next-1998,next,Target Point,El Debate,2026-01-13,2026-01-15,1000.0,66.0,False,,,,,,,,,,,,,,,3.2,30.0,,26.1,1.8,8.0,,,,19.2
next-2011,next,NC Report,La Razón,2026-02-10,2026-02-13,1000.0,63.1,False,,1.4,0.8,0.4,,,,1.8,,,1.5,,,1.0,4.3,33.1,,25.9,,6.0,,,0.2,18.1
next-2013,next,Target Point,El Debate,2026-02-17,2026-02-19,1005.0,66.0,False,,,,,,,,,,,,,,,3.7,30.5,,25.8,2.4,6.7,,,,20.3
next-2028,next,Target Point,El Debate,2026-03-24,2026-03-26,1114.0,66.0,False,,,,,,,,,,,,,,,3.3,31.7,,27.6,2.2,6.9,,,,18.3
next-2032,next,Ipsos,La Vanguardia,2026-03-23,2026-04-08,1058.0,67.0,False,0.5,1.9,0.8,0.5,,,,2.2,,,1.4,,,1.2,1.8,30.9,,28.4,2.2,5.8,,,0.1,18.3
next-2033,next,NC Report,La Razón,2026-04-06,2026-04-09,1000.0,63.2,False,,1.4,0.8,0.4,,,,1.9,,,1.5,,,1.0,3.8,32.8,,26.9,,5.8,,,0.2,18.3
next-2040,next,More in Common,,2026-04-21,2026-04-25,2547.0,68.3,False,,,,,,,,,,,,,,,2.9,31.1,,28.0,1.8,7.7,,,,17.1
next-2050,next,NC Report,La Razón,2026-05-25,2026-05-27,1000.0,62.3,False,,1.4,0.8,0.4,,,,1.9,,,1.6,,,1.0,3.6,34.7,,25.1,,6.3,,,0.2,17.9
next-2052,next,Target Point,El Debate,2026-05-27,2026-05-28,1007.0,66.0,False,,,,,,,,,,,,,,,3.1,31.2,,25.4,2.0,5.3,,,,18.9
next-2061,next,Target Point,El Debate,2026-06-17,2026-06-18,1022.0,66.0,False,,,,,,,,,,,,,,,3.2,32.0,,25.6,2.2,7.2,,,,18.1
next-2065,next,More in Common,,2026-06-24,2026-06-28,2277.0,67.7,False,,,,,,,,,,,,,,,3.3,31.3,,25.7,2.2,8.2,,,,17.1
next-2068,next,NC Report,La Razón,2026-06-25,2026-07-01,1000.0,62.8,False,,1.4,0.8,0.4,,,,2.0,,,1.6,,,1.0,3.6,34.5,,25.0,,6.1,,,0.2,17.8
next-2078,next,Target Point,El Debate,2026-07-15,2026-07-17,1004.0,66.0,False,,,,,,,,,,,,,,,2.7,32.1,,26.1,2.4,6.1,,,,17.6
next-2083,next,NC Report,La Razón,2026-07-31,2026-08-04,1000.0,62.6,False,,1.4,0.8,0.4,,,,2.0,,,1.6,,,1.0,3.5,34.2,,25.2,,5.9,,,0.2,18.0
next-2092,next,More in Common,,2026-08-24,2026-08-28,2144.0,68.1,False,,,,,,,,,,,,,,,3.6,28.7,,27.0,2.3,6.6,,,,20.3
next-2096,next,NC Report,La Razón,2026-09-01,2026-09-03,1000.0,62.3,False,,1.4,0.8,0.4,,,,2.0,,,1.6,,,1.0,3.4,34.5,,24.9,,5.7,,,0.2,18.3
next-2100,next,Target Point,El Debate,2026-09-09,2026-09-10,1012.0,66.0,False,,,,,,,,,,,,,,,2.8,31.5,,25.6,2.5,6.9,,,,18.9
