election,prov,enp_votes,periph_share,province
197706,01,4.446745671109782,0.17511111828147813,Álava
197706,02,3.5157047882947685,0.0,Albacete
197706,03,3.356431816780761,0.0,Alicante
197706,04,2.963275238765351,0.0,Almería
197706,05,2.012839087162884,0.0,Ávila
197706,06,2.906523180313272,0.0,Badajoz
197706,07,2.918359625351018,0.0,Baleares
197706,08,4.8861466293619005,0.2565971041673909,Barcelona
197706,09,3.1322481035352623,0.0,Burgos
197706,10,2.583687725040535,0.0,Cáceres
197706,11,4.100005246881173,0.0,Cádiz
197706,12,3.820541187697604,0.0,Castellón
197706,13,3.3571966978035785,0.0,Ciudad Real
197706,14,3.854088918438913,0.0,Córdoba
197706,15,3.239632992396421,0.0,La Coruña
197706,16,2.6421900903821083,0.0,Cuenca
197706,17,4.544204653010153,0.3530100878620241,Gerona
197706,18,3.194725907882626,0.0,Granada
197706,19,3.1577618820100577,0.0,Guadalajara
197706,20,4.436013781609787,0.4049918972541536,Guipúzcoa
197706,21,2.8386850241124497,0.0,Huelva
197706,22,3.266321704557698,0.0,Huesca
197706,23,3.487821765269408,0.0,Jaén
197706,24,2.9421100573691206,0.0,León
197706,25,4.524231146814612,0.41572609768981167,Lérida
197706,26,3.5784841438340953,0.0,Logroño
197706,27,2.9272063577130956,0.0,Lugo
197706,28,4.204698475588807,0.0,Madrid
197706,29,3.5804766887213764,0.0,Málaga
197706,30,3.295894652621256,0.0,Murcia
197706,31,3.026505857192572,0.0,Navarra
197706,32,2.3438624031945627,0.0,Orense
197706,33,4.257171030453633,0.0,Oviedo
197706,34,2.896660236997533,0.0,Palencia
197706,35,2.1253176103100606,0.0,Las Palmas
197706,36,2.6888878331215267,0.0,Pontevedra
197706,37,2.6255460584160333,0.0,Salamanca
197706,38,2.909042602637332,0.0,Santa Cruz de Tenerife
197706,39,3.745392556173865,0.0,Santander
197706,40,2.4602785404565704,0.0,Segovia
197706,41,3.695979592730106,0.0,Sevilla
197706,42,2.527862088439267,0.0,Soria
197706,43,4.862572897577092,0.24677885149394646,Tarragona
197706,44,3.094374365937247,0.0,Teruel
197706,45,3.5321161818585733,0.0,Toledo
197706,46,3.852760227246674,0.0,Valencia
197706,47,3.351847117561696,0.0,Valladolid
197706,48,4.9079656620915575,0.3642790355793604,Vizcaya
197706,49,3.1288250578379775,0.0,Zamora
197706,50,4.8726809055530635,0.08554502369668246,Zaragoza
197706,51,3.68269065114986,0.0,Ceuta
197706,52,2.4407574225934607,0.0,Melilla
197903,01,5.27108949323605,0.37683430933517054,Álava
197903,02,3.106516516836816,0.0,Albacete
197903,03,3.1797018889605404,0.0,Alicante
197903,04,2.9145619765207624,0.02779679958803324,Almería
197903,05,2.0646798579832417,0.0,Ávila
197903,06,2.8515555233058927,0.0,Badajoz
197903,07,2.9155447199524236,0.0,Baleares
197903,08,5.151268919550198,0.19859009944670133,Barcelona
197903,09,2.8374640147411796,0.0,Burgos
197903,10,2.6727757529724965,0.0,Cáceres
197903,11,4.296547438751455,0.19758054752461343,Cádiz
197903,12,2.828245510839913,0.0,Castellón
197903,13,2.9575531050828774,0.0,Ciudad Real
197903,14,4.315938594392235,0.09972351677990474,Córdoba
197903,15,3.3545973523343946,0.0,La Coruña
197903,16,2.5817112293926527,0.0,Cuenca
197903,17,4.607825007604687,0.2912628356778849,Gerona
197903,18,3.501897404353547,0.061895854129792274,Granada
197903,19,3.3094164931419865,0.0,Guadalajara
197903,20,5.576377721811867,0.5709118413106995,Guipúzcoa
197903,21,3.520474240951415,0.09626667825633448,Huelva
197903,22,2.7619594871933333,0.0,Huesca
197903,23,3.22049309647882,0.03448244391849549,Jaén
197903,24,2.8648635705654897,0.0,León
197903,25,4.763350328437582,0.23753433124770396,Lérida
197903,26,2.932771832357154,0.0,Logroño
197903,27,3.0062138407454766,0.0,Lugo
197903,28,3.929304706337398,0.0013175562962792194,Madrid
197903,29,4.010271898776408,0.12018374880548724,Málaga
197903,30,3.1013778707172506,0.0,Murcia
197903,31,4.861097899233486,0.17341407219704089,Navarra
197903,32,2.87754512723388,0.0,Orense
197903,33,3.590033633546173,0.0,Oviedo
197903,34,2.8478641001462632,0.0,Palencia
197903,35,2.4822109645579205,0.13357232028901614,Las Palmas
197903,36,3.3321467013521304,0.0,Pontevedra
197903,37,2.679196586606411,0.0,Salamanca
197903,38,2.605886214021831,0.08402783429641084,Santa Cruz de Tenerife
197903,39,3.4435620527222848,0.0,Santander
197903,40,2.3843803547737723,0.0,Segovia
197903,41,4.616849684881968,0.14701558407732712,Sevilla
197903,42,2.423697710297201,0.0,Soria
197903,43,4.764914664982503,0.18676989289065787,Tarragona
197903,44,2.53387706502174,0.0,Teruel
197903,45,3.3489304363250243,0.0,Toledo
197903,46,3.59161994347268,0.0,Valencia
197903,47,3.8025001174505357,0.0,Valladolid
197903,48,5.486184376207831,0.4963478670239733,Vizcaya
197903,49,2.927194511670716,0.0,Zamora
197903,50,4.214490713485905,0.08991340026849698,Zaragoza
197903,51,2.4659827282581515,0.0,Ceuta
197903,52,2.930367404177173,0.0,Melilla
198210,01,4.37318419357825,0.3907589896642071,Álava
198210,02,2.6035428118854416,0.0,Albacete
198210,03,2.571139535868851,0.0,Alicante
198210,04,2.453496316695201,0.0,Almería
198210,05,3.7317736676976785,0.0,Ávila
198210,06,2.517139273110799,0.0,Badajoz
198210,07,3.0754831629260257,0.0,Baleares
198210,08,3.2772398541428545,0.24719568377853537,Barcelona
198210,09,2.9081231530651714,0.0,Burgos
198210,10,2.7854763398813382,0.0,Cáceres
198210,11,2.1955123324465724,0.0,Cádiz
198210,12,2.8787877764951193,0.0,Castellón
198210,13,2.588671390218763,0.0,Ciudad Real
198210,14,2.527244668977231,0.0,Córdoba
198210,15,3.354298436757167,0.0,La Coruña
198210,16,3.0130990638886153,0.0,Cuenca
198210,17,3.6754404077747322,0.41879767048656774,Gerona
198210,18,2.471871828873507,0.0,Granada
198210,19,3.1862787481214214,0.0,Guadalajara
198210,20,4.348612838436407,0.6207836492142359,Guipúzcoa
198210,21,2.196062347969687,0.0,Huelva
198210,22,3.0185700507654722,0.0,Huesca
198210,23,2.5330671574708945,0.0,Jaén
198210,24,3.0209032158245126,0.0,León
198210,25,4.188379366169368,0.3394118646269447,Lérida
198210,26,2.675307078019544,0.0,Logroño
198210,27,3.0326703510406,0.0,Lugo
198210,28,2.5986885668722453,0.0,Madrid
198210,29,2.2372390526169674,0.0,Málaga
198210,30,2.5437564343110872,0.0,Murcia
198210,31,4.159133176131641,0.20094824500381595,Navarra
198210,32,3.382228879911994,0.0,Orense
198210,33,2.7452365158101144,0.0,Oviedo
198210,34,2.8370361600195935,0.0,Palencia
198210,35,4.015369081301412,0.0,Las Palmas
198210,36,3.592431383697709,0.0,Pontevedra
198210,37,3.0521443917712605,0.0,Salamanca
198210,38,3.5629109837892123,0.0,Santa Cruz de Tenerife
198210,39,2.7399133994949056,0.0,Santander
198210,40,3.234758381176263,0.0,Segovia
198210,41,2.2554101480696773,0.0,Sevilla
198210,42,3.235300832619012,0.0,Soria
198210,43,3.824052265638866,0.24832036466089194,Tarragona
198210,44,3.180288331805873,0.0,Teruel
198210,45,2.8642464689072376,0.0,Toledo
198210,46,2.622885735531662,0.0,Valencia
198210,47,2.660997242153166,0.0,Valladolid
198210,48,4.195309676725578,0.5330675748428738,Vizcaya
198210,49,3.303015053370859,0.0,Zamora
198210,50,2.6664594519660607,0.0,Zaragoza
198210,51,3.14594912695029,0.0,Ceuta
198210,52,2.9200922538154703,0.0,Melilla
198606,01,4.9226272230444845,0.39498878857614916,Álava
198606,02,2.64544738899777,0.0,Albacete
198606,03,2.8661615626962904,0.0028121777056975728,Alicante
198606,04,2.72527149323479,0.0,Almería
198606,05,3.110485391634461,0.0,Ávila
198606,06,2.4344122030406816,0.0,Badajoz
198606,07,3.2266707620924557,0.0,Baleares
198606,08,3.348425842254534,0.29975513294840506,Barcelona
198606,09,3.0811344217111665,0.0,Burgos
198606,10,2.6121699531585967,0.0,Cáceres
198606,11,2.355783616895517,0.0,Cádiz
198606,12,2.907035081935842,0.00526884362337323,Castellón
198606,13,2.6041957903773802,0.0,Ciudad Real
198606,14,2.7778862141158105,0.0,Córdoba
198606,15,3.257048520033665,0.03665511741736787,La Coruña
198606,16,2.6931278506929637,0.0,Cuenca
198606,17,3.0443892282716036,0.4608980294374157,Gerona
198606,18,2.7291162583217017,0.0,Granada
198606,19,2.9300288864751827,0.0,Guadalajara
198606,20,4.751907839019776,0.6273320504101978,Guipúzcoa
198606,21,2.2455298883869106,0.0,Huelva
198606,22,3.3986939963246265,0.09839295404265977,Huesca
198606,23,2.5603073452739906,0.0,Jaén
198606,24,2.8939125653466258,0.0,León
198606,25,3.411146866062965,0.4087525532228516,Lérida
198606,26,2.7360447694836836,0.0,Logroño
198606,27,3.0436324071565033,0.10642589568725387,Lugo
198606,28,3.3165949593070208,0.0,Madrid
198606,29,2.528209782532734,0.0,Málaga
198606,30,2.70051234655857,0.0,Murcia
198606,31,3.9923270748421533,0.1870211507173495,Navarra
198606,32,3.4195901741305366,0.13871101727181476,Orense
198606,33,3.1596396211509044,0.0,Oviedo
198606,34,2.924329457334196,0.0,Palencia
198606,35,4.066822150633664,0.019913469692831785,Las Palmas
198606,36,3.2672847468864776,0.042772548128685584,Pontevedra
198606,37,3.121313174768917,0.0,Salamanca
198606,38,4.010082531607456,0.1844419044269574,Santa Cruz de Tenerife
198606,39,2.9580264492738206,0.0,Santander
198606,40,3.3093442008204,0.0,Segovia
198606,41,2.4269323258398745,0.0,Sevilla
198606,42,2.9843301194666556,0.0,Soria
198606,43,3.5862636998051154,0.3193468218338621,Tarragona
198606,44,3.293827397290928,0.097325150532654,Teruel
198606,45,2.8078931873342037,0.0,Toledo
198606,46,3.184313999314577,0.051474820053217366,Valencia
198606,47,3.183450976775512,0.0,Valladolid
198606,48,4.872067871737105,0.538352025198673,Vizcaya
198606,49,2.954641057060048,0.0,Zamora
198606,50,3.492647675122064,0.1170539800746922,Zaragoza
198606,51,2.8223266648223846,0.0,Ceuta
198606,52,2.7554193014438897,0.0,Melilla
198910,01,6.54266585110659,0.4592834114352972,Álava
198910,02,2.7812525648041855,0.0,Albacete
198910,03,3.291588245198311,0.0059933800393202055,Alicante
198910,04,2.8404309463738424,0.02339876694535409,Almería
198910,05,3.444390815024545,0.0,Ávila
198910,06,2.6565529864891757,0.0,Badajoz
198910,07,3.225541356835119,0.0,Baleares
198910,08,3.8533414761426763,0.30529406001970855,Barcelona
198910,09,3.1179851292591874,0.0,Burgos
198910,10,2.7222744944813897,0.0,Cáceres
198910,11,3.0599082467017014,0.1139281459706379,Cádiz
198910,12,3.2233349993866462,0.012851653060660276,Castellón
198910,13,2.637209919550037,0.0,Ciudad Real
198910,14,3.128947775079871,0.059008502438989446,Córdoba
198910,15,3.3638147117711776,0.0,La Coruña
198910,16,2.66428483725913,0.0,Cuenca
198910,17,3.0825879801461307,0.47248906248167305,Gerona
198910,18,2.9900531132544472,0.026624293437888948,Granada
198910,19,2.9712870926908517,0.0,Guadalajara
198910,20,6.056530369671533,0.6697695815892453,Guipúzcoa
198910,21,2.5196008501799816,0.050711866997167815,Huelva
198910,22,3.7930160947588587,0.12256755827545898,Huesca
198910,23,2.6934666452778617,0.024739426023350063,Jaén
198910,24,3.040131845924701,0.0,León
198910,25,3.4901211329496276,0.4206520485659215,Lérida
198910,26,2.890702741655649,0.0,Logroño
198910,27,2.971666083510479,0.0,Lugo
198910,28,3.663218124859903,0.0,Madrid
198910,29,3.004666706071408,0.05157220324971213,Málaga
198910,30,3.0692516311170417,0.0,Murcia
198910,31,4.22962986730462,0.1981438447579252,Navarra
198910,32,3.09152979057111,0.0,Orense
198910,33,3.571345369091319,0.0,Oviedo
198910,34,2.85049674966318,0.0,Palencia
198910,35,4.376164846525946,0.017943000586483675,Las Palmas
198910,36,3.363965952930709,0.0,Pontevedra
198910,37,3.0461462996299793,0.0,Salamanca
198910,38,3.9696812705719675,0.1859534114052953,Santa Cruz de Tenerife
198910,39,3.0320129552806345,0.0,Santander
198910,40,3.384644828919376,0.0,Segovia
198910,41,2.808781820342812,0.09061851282452163,Sevilla
198910,42,2.780412756917879,0.0,Soria
198910,43,3.7687192794528594,0.34267018500730534,Tarragona
198910,44,3.3988426219217702,0.1063735632871273,Teruel
198910,45,2.8117424500894845,0.0,Toledo
198910,46,3.9271902381717356,0.11534901642159223,Valencia
198910,47,3.2850364915310686,0.0,Valladolid
198910,48,5.8372244146800325,0.5912540864927901,Vizcaya
198910,49,2.8734551803272432,0.0,Zamora
198910,50,3.912430495098839,0.10702341873939768,Zaragoza
198910,51,3.2430311386235218,0.0,Ceuta
198910,52,2.1372407786123038,0.0,Melilla
199306,01,5.774468624495933,0.3241050675610056,Álava
199306,02,2.5467490985354853,0.0,Albacete
199306,03,2.7442043888169443,0.005557567305889634,Alicante
199306,04,2.6116549507305287,0.0,Almería
199306,05,2.72181734471535,0.0,Ávila
199306,06,2.463358191894253,0.0,Badajoz
199306,07,2.8474531815766335,0.006962303818510732,Baleares
199306,08,3.7822057271618883,0.34599299012697443,Barcelona
199306,09,2.6111218305329262,0.0,Burgos
199306,10,2.4767500689600777,0.0,Cáceres
199306,11,2.8366216534860293,0.0,Cádiz
199306,12,2.701118189631403,0.01756580168931583,Castellón
199306,13,2.4405166379102448,0.0,Ciudad Real
199306,14,2.825162275930165,0.0,Córdoba
199306,15,2.8146585383275466,0.0,La Coruña
199306,16,2.37915035773927,0.0,Cuenca
199306,17,3.400095613831921,0.5238135107890057,Gerona
199306,18,2.626519314825884,0.0,Granada
199306,19,2.5625401090560658,0.0,Guadalajara
199306,20,5.483277584297693,0.5702813566787799,Guipúzcoa
199306,21,2.4444884624002654,0.0,Huelva
199306,22,3.4303304029810913,0.17981809521649392,Huesca
199306,23,2.519183098152158,0.0,Jaén
199306,24,2.6752475564675486,0.0,León
199306,25,3.5920898936949075,0.47153850924861285,Lérida
199306,26,2.6785370734498426,0.0,Logroño
199306,27,2.4789207160680493,0.0,Lugo
199306,28,2.9014174906190138,0.0,Madrid
199306,29,2.8331758755204905,0.0,Málaga
199306,30,2.5854172447424437,0.0,Murcia
199306,31,3.5629490268118977,0.1541763303171855,Navarra
199306,32,2.4573986516381634,0.0,Orense
199306,33,3.0630768334618947,0.0,Oviedo
199306,34,2.579031625244935,0.0,Palencia
199306,35,3.611474079290105,0.2466991082558251,Las Palmas
199306,36,2.7605861704561927,0.0,Pontevedra
199306,37,2.55687809782807,0.0,Salamanca
199306,38,3.4692904451350066,0.26898177677125806,Santa Cruz de Tenerife
199306,39,3.192454949010888,0.0,Santander
199306,40,2.7937222697795066,0.0,Segovia
199306,41,2.482480673790028,0.0,Sevilla
199306,42,2.444139812579088,0.0,Soria
199306,43,3.8069901336298715,0.38914476995872344,Tarragona
199306,44,3.009003017393523,0.1348799266932627,Teruel
199306,45,2.4514346025851275,0.0,Toledo
199306,46,3.2717536373693967,0.0757028860719302,Valencia
199306,47,2.7759224274300625,0.0,Valladolid
199306,48,4.935205925551465,0.4896164549157667,Vizcaya
199306,49,2.4199236278345024,0.0,Zamora
199306,50,3.755792730165531,0.2037858532981847,Zaragoza
199306,51,2.30040270159062,0.0,Ceuta
199306,52,2.2121959568871077,0.0,Melilla
199603,01,4.796617683601778,0.33756729883106174,Álava
199603,02,2.4433478022907757,0.0,Albacete
199603,03,2.58186134786467,0.00641800415254268,Alicante
199603,04,2.5061213726376734,0.0,Almería
199603,05,2.209401610381702,0.0,Ávila
199603,06,2.456258685159466,0.0,Badajoz
199603,07,2.8124849071259437,0.004215530087702676,Baleares
199603,08,3.5140734523779535,0.3147493766759582,Barcelona
199603,09,2.401343882911248,0.0,Burgos
199603,10,2.3939433409642104,0.0,Cáceres
199603,11,2.895779261786039,0.0,Cádiz
199603,12,2.568102787569657,0.022577720293613702,Castellón
199603,13,2.3749121184664785,0.0,Ciudad Real
199603,14,2.8696499926237284,0.0,Córdoba
199603,15,2.751612227039154,0.12867363189765182,La Coruña
199603,16,2.2581835897143185,0.0,Cuenca
199603,17,3.0591763373260594,0.47312865157906947,Gerona
199603,18,2.6043996062620653,0.0,Granada
199603,19,2.4175524593128297,0.0,Guadalajara
199603,20,5.582925238142173,0.5396044080978774,Guipúzcoa
199603,21,2.4778351066388336,0.0,Huelva
199603,22,2.52724044592016,0.0,Huesca
199603,23,2.5504158327012103,0.0,Jaén
199603,24,2.5153772984695437,0.0,León
199603,25,3.293888420063389,0.45165697299269747,Lérida
199603,26,2.505750581014601,0.0,Logroño
199603,27,2.4498177080693244,0.10039181758437388,Lugo
199603,28,2.642300802513168,0.0,Madrid
199603,29,2.8094145840624956,0.0,Málaga
199603,30,2.434245611141383,0.0,Murcia
199603,31,3.773320434859262,0.13128714238200725,Navarra
199603,32,2.565890843217571,0.12149720738806591,Orense
199603,33,2.788278188911432,0.0,Oviedo
199603,34,2.3535583053574287,0.0,Palencia
199603,35,3.2074813826465323,0.2417180387053808,Las Palmas
199603,36,2.796454964608912,0.14739022445444463,Pontevedra
199603,37,2.3040298410106352,0.0,Salamanca
199603,38,3.3494814279414227,0.2639979087374962,Santa Cruz de Tenerife
199603,39,2.453567395527437,0.0,Santander
199603,40,2.3516501880750846,0.0,Segovia
199603,41,2.654479067356498,0.0,Sevilla
199603,42,2.2480575024516956,0.0,Soria
199603,43,3.4668822714430374,0.3591389423464743,Tarragona
199603,44,2.341289802358244,0.0,Teruel
199603,45,2.376732674770288,0.0,Toledo
199603,46,2.9680102753053457,0.0576708019355985,Valencia
199603,47,2.5352001335063075,0.0,Valladolid
199603,48,4.907850229342443,0.4490632012942957,Vizcaya
199603,49,2.2586609975715084,0.0,Zamora
199603,50,2.7723400858685707,0.0,Zaragoza
199603,51,2.337716201138882,0.0,Ceuta
199603,52,2.176349170998221,0.0,Melilla
200003,01,3.6026687286283328,0.26252852578731173,Álava
200003,02,2.2303237869130803,0.0,Albacete
200003,03,2.325245792540002,0.0012229010531025616,Alicante
200003,04,2.3255341875164297,0.023928080981747053,Almería
200003,05,1.9317317412259514,0.0,Ávila
200003,06,2.29884691522997,0.0,Badajoz
200003,07,2.490057787445953,0.003418759806610453,Baleares
200003,08,3.7695496850146744,0.3186792035871371,Barcelona
200003,09,2.208197243500612,0.0,Burgos
200003,10,2.2788295514133767,0.0,Cáceres
200003,11,2.8767152463953196,0.09976689976689977,Cádiz
200003,12,2.325138701358107,0.0023670416270371933,Castellón
200003,13,2.167990070292827,0.0,Ciudad Real
200003,14,2.8017094321436735,0.04600236123363485,Córdoba
200003,15,2.6330660038151685,0.19559789729975868,La Coruña
200003,16,2.141670520747509,0.0,Cuenca
200003,17,3.4355654743139823,0.5038826278174822,Gerona
200003,18,2.5310048597964654,0.0349901317454159,Granada
200003,19,2.242779473649218,0.0,Guadalajara
200003,20,4.306920545178745,0.4334141599213302,Guipúzcoa
200003,21,2.5211551280197058,0.04787010395970222,Huelva
200003,22,2.755848987922918,0.05616874954382152,Huesca
200003,23,2.4699747946032877,0.03293122783620768,Jaén
200003,24,2.6914216656418612,0.0,León
200003,25,3.493804503652329,0.46795098803031376,Lérida
200003,26,2.2984350359933807,0.0,Logroño
200003,27,2.358869594131147,0.1634462516815458,Lugo
200003,28,2.4398513774435684,0.0,Madrid
200003,29,2.7639909575697597,0.052444006968368914,Málaga
200003,30,2.191293700256732,0.0,Murcia
200003,31,2.7634819112890363,0.07126961797613683,Navarra
200003,32,2.3991238208425094,0.17110834706624578,Orense
200003,33,2.652574334999596,0.0,Oviedo
200003,34,2.1916704818120945,0.0,Palencia
200003,35,2.9426517321697063,0.2601297025215845,Las Palmas
200003,36,2.5789612436848346,0.1985677677403656,Pontevedra
200003,37,2.123988654325186,0.0,Salamanca
200003,38,3.212890816876991,0.3397538037768853,Santa Cruz de Tenerife
200003,39,2.1646040447247326,0.0,Santander
200003,40,2.2177632642891787,0.0,Segovia
200003,41,2.5945916585019853,0.051679299686941294,Sevilla
200003,42,2.1153571466524603,0.0,Soria
200003,43,3.6613572699471004,0.3770523001890213,Tarragona
200003,44,2.7204964106140634,0.03408420520353002,Teruel
200003,45,2.211516735709129,0.0,Toledo
200003,46,2.5919224900638684,0.0010912538416204818,Valencia
200003,47,2.326971019644956,0.0,Valladolid
200003,48,3.7876217664110756,0.4038002348282167,Vizcaya
200003,49,2.128170129800089,0.0,Zamora
200003,50,2.9248428936715833,0.12963691230205862,Zaragoza
200003,51,2.67679524293079,0.0,Ceuta
200003,52,2.674085761606127,0.0,Melilla
200403,01,4.006307425150788,0.3056411854390865,Álava
200403,02,2.2090155292085063,0.0,Albacete
200403,03,2.320839647829989,0.003181787090448939,Alicante
200403,04,2.2845055451891523,0.0,Almería
200403,05,2.047322381677365,0.0,Ávila
200403,06,2.202538984318289,0.0,Badajoz
200403,07,2.513735558255394,0.0,Baleares
200403,08,3.768351258090186,0.33683305834230814,Barcelona
200403,09,2.240567922059225,0.0,Burgos
200403,10,2.187606046707892,0.0,Cáceres
200403,11,2.539530511688544,0.0,Cádiz
200403,12,2.3608491497820143,0.00719520493311064,Castellón
200403,13,2.1576627537162505,0.0,Ciudad Real
200403,14,2.582377374324205,0.0,Córdoba
200403,15,2.6465392745595033,0.11919887941279465,La Coruña
200403,16,2.134953454536083,0.0,Cuenca
200403,17,4.053160704554969,0.5082401329689833,Gerona
200403,18,2.3788137803699687,0.0,Granada
200403,19,2.263737119340621,0.0,Guadalajara
200403,20,4.57515908699842,0.4312015530258683,Guipúzcoa
200403,21,2.3329662821533175,0.0,Huelva
200403,22,2.6912391414891506,0.06534151143419657,Huesca
200403,23,2.337378539435662,0.0,Jaén
200403,24,2.2902528775741184,0.0,León
200403,25,4.05370148063936,0.5135452812984802,Lérida
200403,26,2.1616347850706132,0.0,Logroño
200403,27,2.4681492024426004,0.10269007176499702,Lugo
200403,28,2.386307871782744,0.0,Madrid
200403,29,2.490275478681006,0.0,Málaga
200403,30,2.1380257738711674,0.0,Murcia
200403,31,3.3057537415114044,0.18344557335569117,Navarra
200403,32,2.3625945172672616,0.11016706403700177,Orense
200403,33,2.4763778119545696,0.0,Oviedo
200403,34,2.188449791841823,0.0,Palencia
200403,35,2.9849696991951715,0.18283008374771004,Las Palmas
200403,36,2.6394745568031346,0.11841059425341403,Pontevedra
200403,37,2.1177233985660933,0.0,Salamanca
200403,38,3.2760938129864194,0.3119565403443908,Santa Cruz de Tenerife
200403,39,2.182666332046508,0.0,Santander
200403,40,2.19369058211101,0.0,Segovia
200403,41,2.2691026223129778,0.0,Sevilla
200403,42,2.318699151725324,0.0,Soria
200403,43,4.053936015754168,0.4173944944512139,Tarragona
200403,44,2.799464051642146,0.05151616589521314,Teruel
200403,45,2.1957060395512906,0.0,Toledo
200403,46,2.474120076460726,0.005785472206990563,Valencia
200403,47,2.2785942601669897,0.0,Valladolid
200403,48,3.8089119755624914,0.4216407497614807,Vizcaya
200403,49,2.162581552188147,0.0,Zamora
200403,50,3.066046898480882,0.148473644830406,Zaragoza
200403,51,2.0245436309857947,0.0,Ceuta
200403,52,2.059567460019595,0.0,Melilla
200803,01,3.483659291116682,0.1903738668222213,Álava
200803,02,2.2467832571681803,0.0,Albacete
200803,03,2.210633524768888,0.0020749305658960397,Alicante
200803,04,2.301919566017281,0.0,Almería
200803,05,2.097971074745442,0.0,Ávila
200803,06,2.1866510978771196,0.0,Badajoz
200803,07,2.4691632511946806,0.0,Baleares
200803,08,3.302268896277761,0.2657486370674131,Barcelona
200803,09,2.3109794265054724,0.0,Burgos
200803,10,2.191342927614699,0.0,Cáceres
200803,11,2.381660052921408,0.0,Cádiz
200803,12,2.2430365524854414,0.003443885670634668,Castellón
200803,13,2.1865277877436147,0.0,Ciudad Real
200803,14,2.409089737854613,0.0,Córdoba
200803,15,2.6756689988044946,0.12111288053140781,La Coruña
200803,16,2.1640456725393196,0.0,Cuenca
200803,17,3.653647449104715,0.41096758662510247,Gerona
200803,18,2.331636415779473,0.0,Granada
200803,19,2.296897886084828,0.0,Guadalajara
200803,20,3.7594984372653055,0.24321733863666165,Guipúzcoa
200803,21,2.2514942358316734,0.0,Huelva
200803,22,2.5778835676818024,0.0,Huesca
200803,23,2.218580078426494,0.0,Jaén
200803,24,2.2237809864421347,0.0,León
200803,25,3.7056888975389035,0.42190114358443886,Lérida
200803,26,2.2399017358778504,0.0,Logroño
200803,27,2.571442844383219,0.10892480388403294,Lugo
200803,28,2.4323112049713647,0.0,Madrid
200803,29,2.3952692971319287,0.0,Málaga
200803,30,2.0356364600354486,0.0,Murcia
200803,31,3.130475170011906,0.18669235763503467,Navarra
200803,32,2.5430249302525962,0.10922011798353892,Orense
200803,33,2.446058073553556,0.0,Oviedo
200803,34,2.2260457275903325,0.0,Palencia
200803,35,2.8001671466594686,0.06191154867450406,Las Palmas
200803,36,2.654744211864495,0.11633472032629968,Pontevedra
200803,37,2.1688496571608975,0.0,Salamanca
200803,38,3.1861396719973167,0.2935254093784319,Santa Cruz de Tenerife
200803,39,2.21210159335806,0.0,Santander
200803,40,2.2177473239288776,0.0,Segovia
200803,41,2.220252434625802,0.0,Sevilla
200803,42,2.242347464379097,0.0,Soria
200803,43,3.375303069172099,0.3095265643288622,Tarragona
200803,44,2.6481637328545085,0.0,Teruel
200803,45,2.1970084584646257,0.0,Toledo
200803,46,2.2868788748567774,0.0024333332882966264,Valencia
200803,47,2.2950970356873204,0.0,Valladolid
200803,48,3.5324379047551817,0.3163479146784968,Vizcaya
200803,49,2.178300770944564,0.0,Zamora
200803,50,2.6849626073061086,0.0,Zaragoza
200803,51,2.097120356530756,0.0,Ceuta
200803,52,2.0810733008474904,0.0,Melilla
201111,01,4.7793397011250205,0.38429621315693635,Álava
201111,02,2.427466345963114,0.0,Albacete
201111,03,2.531799368208041,0.03410452261077416,Alicante
201111,04,2.2961243757949825,0.0,Almería
201111,05,2.2000391021592334,0.0,Ávila
201111,06,2.4248049996304677,0.0,Badajoz
201111,07,2.814231661937771,0.01087767323293,Baleares
201111,08,4.583089622736054,0.34249610799434893,Barcelona
201111,09,2.524301374803357,0.0,Burgos
201111,10,2.3912939237397417,0.0,Cáceres
201111,11,2.8478750193300906,0.0,Cádiz
201111,12,2.604855074977565,0.04580170948356358,Castellón
201111,13,2.3601869341449264,0.0,Ciudad Real
201111,14,2.827682346928486,0.0,Córdoba
201111,15,2.7048688451871503,0.1191557210644751,La Coruña
201111,16,2.2864691805219253,0.0,Cuenca
201111,17,3.969963214541468,0.509372214609746,Gerona
201111,18,2.7088763806578466,0.0,Granada
201111,19,2.566286517358083,0.0,Guadalajara
201111,20,4.14647712914597,0.5781493422191449,Guipúzcoa
201111,21,2.6723313675584897,0.0,Huelva
201111,22,2.657594920863441,0.0,Huesca
201111,23,2.571569409608648,0.0,Jaén
201111,24,2.4499462106838075,0.0,León
201111,25,3.668691049470219,0.5109298774811009,Lérida
201111,26,2.408808928724641,0.0,Logroño
201111,27,2.3897200001486874,0.09309374221712631,Lugo
201111,28,2.831307491238096,0.0019902884705239625,Madrid
201111,29,2.7244215509065555,0.0,Málaga
201111,30,2.115729303738847,0.0,Murcia
201111,31,4.048821274051432,0.2824575032832066,Navarra
201111,32,2.373705747103349,0.09459412497703906,Orense
201111,33,3.8567459065048255,0.14875233156636392,Oviedo
201111,34,2.3721414051544487,0.0,Palencia
201111,35,2.812980534197529,0.11466185621094908,Las Palmas
201111,36,2.7411674630139706,0.12207310186286455,Pontevedra
201111,37,2.2286538132382123,0.0,Salamanca
201111,38,3.2669861972146084,0.19999646618135558,Santa Cruz de Tenerife
201111,39,2.7224980350285493,0.0,Santander
201111,40,2.4257490346474384,0.0,Segovia
201111,41,2.9016129140125275,0.0,Sevilla
201111,42,2.345202609081316,0.0,Soria
201111,43,4.222910957647926,0.38742410233155283,Tarragona
201111,44,2.489257030619485,0.0,Teruel
201111,45,2.3286068559093924,0.0,Toledo
201111,46,2.777622385664516,0.06348700484288483,Valencia
201111,47,2.5901248677305815,0.0,Valladolid
201111,48,4.389386979385315,0.5239987669836151,Vizcaya
201111,49,2.264963330657054,0.0,Zamora
201111,50,2.890656400022746,0.0,Zaragoza
201111,51,2.009393226807934,0.0,Ceuta
201111,52,1.8848886651660532,0.0,Melilla
201512,01,5.707646136431634,0.2787081541445316,Álava
201512,02,3.8272454795476922,0.0,Albacete
201512,03,4.260567697792545,0.0,Alicante
201512,04,3.705830303427868,0.0,Almería
201512,05,3.369721547986027,0.0,Ávila
201512,06,3.4526476802042683,0.0,Badajoz
201512,07,4.7508749122983325,0.0,Baleares
201512,08,5.822134916704861,0.27915690239863,Barcelona
201512,09,4.024879602818515,0.0,Burgos
201512,10,3.601517233618408,0.0,Cáceres
201512,11,4.414083718274544,0.0,Cádiz
201512,12,4.249130435854165,0.0,Castellón
201512,13,3.563885793970521,0.0,Ciudad Real
201512,14,4.126557123227524,0.0,Córdoba
201512,15,3.8877088540140043,0.0,La Coruña
201512,16,3.334897149940829,0.0,Cuenca
201512,17,5.527104197707971,0.48832207446002845,Gerona
201512,18,4.080765306223783,0.0,Granada
201512,19,4.159950618130929,0.0,Guadalajara
201512,20,5.190157634283365,0.44619067067149865,Guipúzcoa
201512,21,3.800036034037802,0.0,Huelva
201512,22,4.282067049235504,0.0,Huesca
201512,23,3.580459874078504,0.0,Jaén
201512,24,4.053847120757592,0.0,León
201512,25,5.740798191803088,0.47116945228828006,Lérida
201512,26,3.8826080781732433,0.0,Logroño
201512,27,3.4368509898114525,0.0,Lugo
201512,28,4.368174624002965,0.0,Madrid
201512,29,4.482753022316966,0.0,Málaga
201512,30,3.790984659225378,0.0,Murcia
201512,31,5.207501538686032,0.09993021273674757,Navarra
201512,32,3.3142838604368032,0.0,Orense
201512,33,4.535460952203791,0.0,Oviedo
201512,34,3.727075859392382,0.0,Palencia
201512,35,4.515160164784866,0.04255543554476544,Las Palmas
201512,36,3.877619020633732,0.0,Pontevedra
201512,37,3.574828640622012,0.0,Salamanca
201512,38,4.981767248368234,0.12664655902337513,Santa Cruz de Tenerife
201512,39,4.029264159894364,0.0,Santander
201512,40,3.8675088982607915,0.0,Segovia
201512,41,4.169439340197662,0.0,Sevilla
201512,42,3.8009241962469367,0.0,Soria
201512,43,6.235977471415494,0.33023191785702716,Tarragona
201512,44,3.969690861446568,0.0,Teruel
201512,45,3.7063203986624966,0.0,Toledo
201512,46,4.366130625658096,0.0,Valencia
201512,47,4.113129065914204,0.0,Valladolid
201512,48,5.077936101365273,0.4070428760412544,Vizcaya
201512,49,3.587075698114903,0.0,Zamora
201512,50,4.564604856597584,0.0,Zaragoza
201512,51,3.3320318482721385,0.0,Ceuta
201512,52,3.3615504415872497,0.0,Melilla
201606,01,4.957262068462427,0.2555264706235516,Álava
201606,02,3.456618860821305,0.0,Albacete
201606,03,3.776574603576188,0.0,Alicante
201606,04,3.309417153324659,0.0,Almería
201606,05,2.902718793285419,0.0,Ávila
201606,06,3.1966528529829223,0.0,Badajoz
201606,07,3.9278576329243595,0.0,Baleares
201606,08,5.731798404981275,0.2905043822526014,Barcelona
201606,09,3.455684624622077,0.0,Burgos
201606,10,3.2381664819222657,0.0,Cáceres
201606,11,3.889423368903766,0.0,Cádiz
201606,12,3.844776798187929,0.0,Castellón
201606,13,3.2099468368104938,0.0,Ciudad Real
201606,14,3.666282568290449,0.0,Córdoba
201606,15,3.6073764635877072,0.0,La Coruña
201606,16,3.0438966253282698,0.0,Cuenca
201606,17,5.31863173660139,0.49892369541071585,Gerona
201606,18,3.6506751349467397,0.0,Granada
201606,19,3.6615064771109,0.0,Guadalajara
201606,20,4.860013080464756,0.4268210660947897,Guipúzcoa
201606,21,3.4994544712791176,0.0,Huelva
201606,22,3.804767003325591,0.0,Huesca
201606,23,3.3230050580287727,0.0,Jaén
201606,24,3.541329809420402,0.0,León
201606,25,5.399531330458357,0.4832879895867667,Lérida
201606,26,3.4242945827782476,0.0,Logroño
201606,27,3.0985454244051693,0.0,Lugo
201606,28,3.778087085261625,0.0,Madrid
201606,29,3.8734846373911616,0.0,Málaga
201606,30,3.2437398232124917,0.0,Murcia
201606,31,4.310126277375435,0.09453787209936511,Navarra
201606,32,2.9658153158255223,0.0,Orense
201606,33,3.788243396244579,0.0,Oviedo
201606,34,3.20347029364268,0.0,Palencia
201606,35,4.099957110286455,0.036035783280294345,Las Palmas
201606,36,3.677899693521047,0.0,Pontevedra
201606,37,3.0904821224944072,0.0,Salamanca
201606,38,4.440878184773448,0.12718540230394423,Santa Cruz de Tenerife
201606,39,3.5152836861796253,0.0,Santander
201606,40,3.2993733984954856,0.0,Segovia
201606,41,3.7944122834581138,0.0,Sevilla
201606,42,3.2087174707129873,0.0,Soria
201606,43,5.953646285497264,0.3366465628293711,Tarragona
201606,44,3.4415894059483727,0.0,Teruel
201606,45,3.322721601414253,0.0,Toledo
201606,46,3.878320738908776,0.0,Valencia
201606,47,3.545446139527614,0.0,Valladolid
201606,48,4.667516695388765,0.39355949665647194,Vizcaya
201606,49,3.0363876885391443,0.0,Zamora
201606,50,3.9106329523256838,0.0,Zaragoza
201606,51,2.8369876017897884,0.0,Ceuta
201606,52,2.911846834457171,0.0,Melilla
201904,01,5.66547789192576,0.36897516038822176,Álava
201904,02,4.509235195792618,0.0,Albacete
201904,03,5.135808416402447,0.03405115464469601,Alicante
201904,04,4.57613240231606,0.0,Almería
201904,05,4.342170671668736,0.0,Ávila
201904,06,4.015304463327295,0.0,Badajoz
201904,07,5.489210180710974,0.0,Baleares
201904,08,5.8225625929767215,0.33302832044653885,Barcelona
201904,09,4.587879639319309,0.0,Burgos
201904,10,4.067338582097256,0.0,Cáceres
201904,11,4.752910302211546,0.0,Cádiz
201904,12,5.1436510203123005,0.053723657310377634,Castellón
201904,13,4.265168140551056,0.0,Ciudad Real
201904,14,4.473009112004,0.0,Córdoba
201904,15,4.643562164867428,0.0,La Coruña
201904,16,4.029525605040433,0.0,Cuenca
201904,17,5.219723726692937,0.5254546936157573,Gerona
201904,18,4.53005291808123,0.0,Granada
201904,19,4.770415605400137,0.0,Guadalajara
201904,20,4.746557860315987,0.5272879932829555,Guipúzcoa
201904,21,4.296149377765685,0.0,Huelva
201904,22,4.495510200640952,0.0,Huesca
201904,23,4.0137797420985555,0.0,Jaén
201904,24,4.434401666058458,0.0,León
201904,25,4.891472889619815,0.5466285418599671,Lérida
201904,26,4.378322985295153,0.0,Logroño
201904,27,3.9242419419589716,0.0,Lugo
201904,28,4.963571603911384,0.0,Madrid
201904,29,4.780814656544807,0.0,Málaga
201904,30,4.930705559979105,0.0,Murcia
201904,31,4.657376178693398,0.425029801971748,Navarra
201904,32,3.8510722251853062,0.0,Orense
201904,33,4.601076132756287,0.0,Oviedo
201904,34,4.212258309989431,0.0,Palencia
201904,35,5.684861427668296,0.06444818793212165,Las Palmas
201904,36,4.520912575034187,0.0,Pontevedra
201904,37,4.349338470551202,0.0,Salamanca
201904,38,5.4517810732286165,0.20035975148694682,Santa Cruz de Tenerife
201904,39,5.55232200914942,0.14648501545679524,Santander
201904,40,4.542291338474739,0.0,Segovia
201904,41,4.309629527867441,0.0,Sevilla
201904,42,4.482697936661943,0.0,Soria
201904,43,5.772146838585727,0.39694704199620184,Tarragona
201904,44,4.340565468320705,0.0,Teruel
201904,45,4.579787226297944,0.0,Toledo
201904,46,5.569268941724256,0.08710828115251722,Valencia
201904,47,4.6661867855224415,0.0,Valladolid
201904,48,4.620393977775155,0.4801957201243254,Vizcaya
201904,49,4.17782246761362,0.0,Zamora
201904,50,4.682799521313912,0.0,Zaragoza
201904,51,3.9022916700250336,0.0,Ceuta
201904,52,5.166302177300679,0.0,Melilla
201911,01,5.472905079464434,0.3984547851056819,Álava
201911,02,4.105626071533423,0.0,Albacete
201911,03,4.863076587275873,0.04214747117539985,Alicante
201911,04,4.137072121884486,0.0,Almería
201911,05,4.155169320237594,0.0,Ávila
201911,06,3.8397721082943983,0.0,Badajoz
201911,07,5.13205653473099,0.0,Baleares
201911,08,6.6603383085459,0.39276365890252735,Barcelona
201911,09,4.057151810510971,0.0,Burgos
201911,10,3.777595112171586,0.0,Cáceres
201911,11,4.769627370946003,0.0,Cádiz
201911,12,4.932476968178492,0.062074181041710155,Castellón
201911,13,3.9263256045085346,0.0,Ciudad Real
201911,14,4.386088877471969,0.0,Córdoba
201911,15,4.490671762461594,0.09590274948159562,La Coruña
201911,16,3.564772680024959,0.0,Cuenca
201911,17,5.677841636537636,0.5990322443724444,Gerona
201911,18,4.416790447749055,0.0,Granada
201911,19,4.336560236907633,0.0,Guadalajara
201911,20,4.512326293982207,0.5662311890193484,Guipúzcoa
201911,21,4.109266711276781,0.0,Huelva
201911,22,4.293201731636444,0.0,Huesca
201911,23,3.8561108371693953,0.0,Jaén
201911,24,4.182282250102743,0.0,León
201911,25,5.186960676149428,0.6127171842811054,Lérida
201911,26,3.669913249316038,0.0,Logroño
201911,27,3.6436209292353534,0.07267580637008497,Lugo
201911,28,5.00983461573928,0.0,Madrid
201911,29,4.707819570310557,0.0,Málaga
201911,30,4.401075754584554,0.0,Murcia
201911,31,4.621986131282947,0.46941613303130025,Navarra
201911,32,3.466205991635526,0.06039869261800301,Orense
201911,33,4.424263363422896,0.0,Oviedo
201911,34,3.6346726081665164,0.0,Palencia
201911,35,5.2800225987539955,0.10006813167122613,Las Palmas
201911,36,4.392409944769528,0.07555203676704869,Pontevedra
201911,37,3.893208328721839,0.0,Salamanca
201911,38,5.3184214865756525,0.1657130936833848,Santa Cruz de Tenerife
201911,39,5.015351431015539,0.2115099778134238,Santander
201911,40,4.040688442032697,0.0,Segovia
201911,41,4.371231688270186,0.0,Sevilla
201911,42,3.7790774662910303,0.0,Soria
201911,43,6.390906474133032,0.4504055353484677,Tarragona
201911,44,4.632884154268558,0.0,Teruel
201911,45,4.10880428711559,0.0,Toledo
201911,46,5.285194702582882,0.08882823713627072,Valencia
201911,47,4.234927602211857,0.0,Valladolid
201911,48,4.580678380158377,0.5054189425161132,Vizcaya
201911,49,3.763552109401217,0.0,Zamora
201911,50,4.730997606225873,0.0,Zaragoza
201911,51,3.5658280679121415,0.0,Ceuta
201911,52,4.180174713170623,0.0,Melilla
202307,01,5.164626864846497,0.3626332511803308,Álava
202307,02,3.1598723031712197,0.0,Albacete
202307,03,3.5129500217457212,0.0,Alicante
202307,04,3.2620159434951117,0.0,Almería
202307,05,3.3449708224642136,0.0,Ávila
202307,06,3.0699358952361218,0.0,Badajoz
202307,07,3.651605553177045,0.0,Baleares
202307,08,4.864674570487905,0.22175475614405732,Barcelona
202307,09,3.1849701999354445,0.0,Burgos
202307,10,3.0870629307848905,0.0,Cáceres
202307,11,3.60194851760475,0.0,Cádiz
202307,12,3.5580981596646697,0.0,Castellón
202307,13,3.075329498763736,0.0,Ciudad Real
202307,14,3.4388858656597283,0.0,Córdoba
202307,15,3.3632259948328613,0.10059850856127464,La Coruña
202307,16,3.023658663505146,0.0,Cuenca
202307,17,5.554697524269484,0.34618617717737427,Gerona
202307,18,3.447660815040021,0.0,Granada
202307,19,3.43460337105278,0.0,Guadalajara
202307,20,4.463540966345455,0.5401451085911974,Guipúzcoa
202307,21,3.3318924411595368,0.0,Huelva
202307,22,3.3909692166075356,0.0,Huesca
202307,23,3.28800769882362,0.0,Jaén
202307,24,3.5419803863133845,0.0,León
202307,25,5.311805003779515,0.3702268741779921,Lérida
202307,26,2.80749008804029,0.0,Logroño
202307,27,2.77079486772065,0.0871550566353293,Lugo
202307,28,3.4449508113586704,0.0,Madrid
202307,29,3.488720399285504,0.0,Málaga
202307,30,3.3950915548513034,0.0,Murcia
202307,31,5.546834973078911,0.32789700077296624,Navarra
202307,32,2.7998678782492163,0.08272215681403312,Orense
202307,33,3.4628340374802606,0.0,Oviedo
202307,34,3.0908910481635465,0.0,Palencia
202307,35,4.466879053314779,0.06376514179848938,Las Palmas
202307,36,3.46469375938595,0.09455801313637553,Pontevedra
202307,37,2.914264790575062,0.0,Salamanca
202307,38,3.5281808754580455,0.16923674341130426,Santa Cruz de Tenerife
202307,39,3.1155026828648884,0.0,Santander
202307,40,3.036360345394916,0.0,Segovia
202307,41,3.4590783719185874,0.0,Sevilla
202307,42,3.6028469329072093,0.0,Soria
202307,43,5.223763314690897,0.26380818733966277,Tarragona
202307,44,3.862077404248735,0.0,Teruel
202307,45,3.3477628739303342,0.0,Toledo
202307,46,3.673854454742583,0.0,Valencia
202307,47,3.22731591763689,0.0,Valladolid
202307,48,4.756196023583314,0.4784002031990658,Vizcaya
202307,49,3.006401099857374,0.0,Zamora
202307,50,3.6717690345113074,0.0,Zaragoza
202307,51,3.0569578825717234,0.0,Ceuta
202307,52,2.925091033243811,0.0,Melilla
