election,party,bloc,votos,escanos,share_valid,election_date
197706,UCD,right,6310391,165,0.3443722071630111,1977-06-15
197706,PSOE,left,5371866,118,0.29315479040901515,1977-06-15
197706,IU,left,1709890,20,0.09331253694199947,1977-06-15
197706,PP,right,1504771,16,0.08211873250720776,1977-06-15
197706,OTHER,other,1338400,1,0.0730394934429537,1977-06-15
197706,PSP,left,816582,6,0.04456271341499852,1977-06-15
197706,JUNTS,periph_right,687438,13,0.037515035335801854,1977-06-15
197706,PNV,periph_right,296193,8,0.01616391712593304,1977-06-15
197706,ERC,periph_left,143954,1,0.007855893035779256,1977-06-15
197706,EE,periph_left,61417,1,0.00335166360489083,1977-06-15
197706,CAIC,periph_right,37183,1,0.002029159806253248,1977-06-15
197903,UCD,right,6268593,168,0.3484310275491825,1979-03-01
197903,PSOE,left,5469813,121,0.30403195168227964,1979-03-01
197903,IU,left,1938487,23,0.10774810508526109,1979-03-01
197903,OTHER,other,1205187,0,0.06698864399059191,1979-03-01
197903,PP,right,1088578,10,0.060507094830918824,1979-03-01
197903,JUNTS,periph_right,483353,8,0.026866504566332508,1979-03-01
197903,UN,right,378964,1,0.021064187118887506,1979-03-01
197903,PA,periph_left,325842,5,0.018111474597039674,1979-03-01
197903,PNV,periph_right,296597,7,0.016485931927308867,1979-03-01
197903,BILDU,periph_left,172110,3,0.00956649508932703,1979-03-01
197903,ERC,periph_left,123452,1,0.0068619078017988526,1979-03-01
197903,EE,periph_left,85677,1,0.004762236940144512,1979-03-01
197903,UPC,periph_left,58953,1,0.0032768205508168983,1979-03-01
197903,PAR,periph_right,38042,1,0.0021145116854812554,1979-03-01
198210,PSOE,left,10127392,202,0.4811103903945447,1982-10-28
198210,PP,right,5548107,107,0.26356755270465543,1982-10-28
198210,UCD,right,1425093,11,0.06770025783326376,1982-10-28
198210,IU,left,846515,4,0.04021441671506721,1982-10-28
198210,OTHER,other,782757,0,0.03718553857242443,1982-10-28
198210,JUNTS,periph_right,772726,12,0.03670900736616248,1982-10-28
198210,CDS,right,604309,2,0.02870821420844941,1982-10-28
198210,PNV,periph_right,395656,8,0.01879597557021037,1982-10-28
198210,BILDU,periph_left,210601,2,0.010004780038876889,1982-10-28
198210,ERC,periph_left,138118,1,0.006561413333315598,1982-10-28
198210,EE,periph_left,100326,1,0.004766072156259291,1982-10-28
198606,PSOE,left,8901718,184,0.4406154377988646,1986-06-22
198606,PP,right,5247677,105,0.25974845516135564,1986-06-22
198606,CDS,right,1861912,19,0.09216054373132912,1986-06-22
198606,OTHER,other,1189236,0,0.058864563086156015,1986-06-22
198606,JUNTS,periph_right,1014258,18,0.05020353741951844,1986-06-22
198606,IU,left,935504,7,0.046305387850141856,1986-06-22
198606,PNV,periph_right,309610,6,0.015325013182501004,1986-06-22
198606,BILDU,periph_left,231722,5,0.011469728706035005,1986-06-22
198606,EE,periph_left,107053,2,0.005298887749834566,1986-06-22
198606,CG,periph_right,79972,1,0.003958437887119183,1986-06-22
198606,PAR,periph_right,73004,1,0.003613537231921783,1986-06-22
198606,CC,periph_right,65664,1,0.003250223395936003,1986-06-22
198606,UV,periph_right,64403,1,0.00318780667288722,1986-06-22
198910,PSOE,left,8115568,175,0.3960034121735665,1989-10-29
198910,PP,right,5285972,107,0.25793178600116856,1989-10-29
198910,IU,left,1858588,17,0.09069077972420964,1989-10-29
198910,CDS,right,1617716,14,0.07893730370169694,1989-10-29
198910,OTHER,other,1233537,0,0.060191087184821156,1989-10-29
198910,JUNTS,periph_right,1032243,18,0.05036884050411244,1989-10-29
198910,PNV,periph_right,254681,5,0.012427293445853214,1989-10-29
198910,BILDU,periph_left,217278,4,0.010602194373856294,1989-10-29
198910,PA,periph_left,212687,2,0.010378174112392297,1989-10-29
198910,UV,periph_right,144924,2,0.007071642860467924,1989-10-29
198910,EA,periph_left,136955,2,0.006682791311000141,1989-10-29
198910,EE,periph_left,105238,2,0.0051351436018183556,1989-10-29
198910,PAR,periph_right,71733,1,0.0035002494915262177,1989-10-29
198910,CC,periph_right,64767,1,0.003160339854985551,1989-10-29
199306,PSOE,left,9150083,159,0.38786650137627776,1993-06-06
199306,PP,right,8201463,141,0.34765507154164516,1993-06-06
199306,IU,left,2253722,18,0.0955339167103454,1993-06-06
199306,JUNTS,periph_right,1165783,17,0.04941683846736048,1993-06-06
199306,OTHER,other,936183,0,0.039684232903455394,1993-06-06
199306,CDS,right,414740,0,0.01758057853472995,1993-06-06
199306,PNV,periph_right,291448,5,0.012354304992983496,1993-06-06
199306,CC,periph_right,207077,4,0.008777869174027762,1993-06-06
199306,BILDU,periph_left,206876,2,0.00876934890521964,1993-06-06
199306,ERC,periph_left,189632,1,0.00803838614239743,1993-06-06
199306,PAR,periph_right,144544,1,0.006127133007966451,1993-06-06
199306,EA,periph_left,129293,1,0.005480652313475526,1993-06-06
199306,UV,periph_right,112341,1,0.004762067254593474,1993-06-06
199603,PP,right,9716006,156,0.38792218052695737,1996-03-03
199603,PSOE,left,9425678,141,0.37633051715951704,1996-03-03
199603,IU,left,2639774,21,0.10539586803243724,1996-03-03
199603,JUNTS,periph_right,1151633,16,0.045980208794313374,1996-03-03
199603,OTHER,other,553943,0,0.02211678095378331,1996-03-03
199603,PNV,periph_right,318951,5,0.012734467990371104,1996-03-03
199603,CC,periph_right,220418,4,0.008800430051956626,1996-03-03
199603,BNG,periph_left,220147,2,0.008789610080157226,1996-03-03
199603,BILDU,periph_left,181304,2,0.007238760764274896,1996-03-03
199603,ERC,periph_left,167641,1,0.006693250525547191,1996-03-03
199603,EA,periph_left,115861,1,0.0046258773160528935,1996-03-03
199603,UV,periph_right,91575,1,0.003656232168007731,1996-03-03
200003,PP,right,10321178,183,0.4452374307038133,2000-03-12
200003,PSOE,left,7918752,125,0.34160100667391674,2000-03-12
200003,IU,left,1382333,9,0.05963140964113731,2000-03-12
200003,JUNTS,periph_right,970421,15,0.041862251841894904,2000-03-12
200003,OTHER,other,736217,0,0.03175910400154607,2000-03-12
200003,PNV,periph_right,353953,7,0.015268908675919244,2000-03-12
200003,BNG,periph_left,306268,3,0.013211861807518046,2000-03-12
200003,CC,periph_right,248261,4,0.010709542048781582,2000-03-12
200003,PA,periph_left,206255,1,0.008897477232716557,2000-03-12
200003,ERC,periph_left,194715,1,0.008399661968768778,2000-03-12
200003,EA,periph_left,100742,1,0.004345832350140997,2000-03-12
200003,CHA,periph_left,75356,1,0.0032507250459314387,2000-03-12
200403,PSOE,left,11026163,164,0.4258636463160848,2004-03-14
200403,PP,right,9763144,148,0.3770820459800028,2004-03-14
200403,IU,left,1284081,5,0.04959507825389526,2004-03-14
200403,JUNTS,periph_right,835471,10,0.032268408008420124,2004-03-14
200403,OTHER,other,821358,0,0.03172332141388503,2004-03-14
200403,ERC,periph_left,652196,8,0.02518977514415171,2004-03-14
200403,PNV,periph_right,420980,7,0.016259516372662493,2004-03-14
200403,CC,periph_right,235221,3,0.009084943941978346,2004-03-14
200403,BNG,periph_left,208688,2,0.008060159515364602,2004-03-14
200403,CHA,periph_left,94252,1,0.0036402963018580103,2004-03-14
200403,EA,periph_left,80905,1,0.003124794935935814,2004-03-14
200403,NABAI,periph_left,61045,1,0.0023577418807762406,2004-03-14
200803,PSOE,left,11289335,169,0.4386786516019145,2008-03-09
200803,PP,right,10278010,154,0.39938079328419196,2008-03-09
200803,IU,left,969946,2,0.037689961667952146,2008-03-09
200803,JUNTS,periph_right,779425,10,0.030286735934828952,2008-03-09
200803,OTHER,other,772052,0,0.030000237421120134,2008-03-09
200803,PNV,periph_right,306128,6,0.011895458701295592,2008-03-09
200803,UPYD,right,306079,1,0.01189355466939925,2008-03-09
200803,ERC,periph_left,298139,3,0.011585023786604188,2008-03-09
200803,BNG,periph_left,212543,2,0.008258952068250761,2008-03-09
200803,CC,periph_right,174629,2,0.006785697674007435,2008-03-09
200803,NABAI,periph_left,62398,1,0.002424648617713644,2008-03-09
201111,PP,right,10866566,186,0.4462859615014831,2011-11-20
201111,PSOE,left,7003511,110,0.2876316805623058,2011-11-20
201111,IU,left,1686040,11,0.06924505704285609,2011-11-20
201111,UPYD,right,1143225,5,0.04695184001436452,2011-11-20
201111,JUNTS,periph_right,1015691,16,0.04171406445452987,2011-11-20
201111,OTHER,other,789480,0,0.03242365995717422,2011-11-20
201111,BILDU,periph_left,334498,7,0.013737712682214702,2011-11-20
201111,PNV,periph_right,324317,5,0.013319582670024411,2011-11-20
201111,ERC,periph_left,256985,3,0.010554281620933295,2011-11-20
201111,BNG,periph_left,184037,2,0.007558333469547642,2011-11-20
201111,CC,periph_right,143881,2,0.0059091409767165525,2011-11-20
201111,COMPROMIS,periph_left,125306,1,0.005146272400306117,2011-11-20
201111,FAC,periph_right,99473,1,0.004085320371535683,2011-11-20
201111,NABAI,periph_left,42415,1,0.0017419688112220002,2011-11-20
201512,PP,right,7236965,123,0.2870522848215006,2015-12-20
201512,PSOE,left,5545315,90,0.21995343915646123,2015-12-20
201512,PODEMOS,left,5212711,69,0.20676079028490107,2015-12-20
201512,CS,right,3514528,40,0.13940281491884218,2015-12-20
201512,IU,left,926783,2,0.036760600290829754,2015-12-20
201512,OTHER,other,814486,0,0.03230636976344707,2015-12-20
201512,ERC,periph_left,601782,9,0.02386952238465327,2015-12-20
201512,JUNTS,periph_right,567253,8,0.02249993881714927,2015-12-20
201512,PNV,periph_right,302316,6,0.011991283436923733,2015-12-20
201512,BILDU,periph_left,219125,2,0.008691534629711669,2015-12-20
201512,CC,periph_right,81917,1,0.0032492159373056057,2015-12-20
201606,PP,right,7941236,137,0.33014537647032655,2016-06-26
201606,PSOE,left,5443846,85,0.22632000700098592,2016-06-26
201606,UP,left,5087538,71,0.2115070183428741,2016-06-26
201606,CS,right,3141570,32,0.1306062192784453,2016-06-26
201606,ERC,periph_left,632234,9,0.02628421217394124,2016-06-26
201606,JUNTS,periph_right,483488,8,0.020100312820181297,2016-06-26
201606,OTHER,other,308080,0,0.012807979461003075,2016-06-26
201606,PNV,periph_right,287014,5,0.011932191044599897,2016-06-26
201606,PACMA,other,286702,0,0.011919220096820641,2016-06-26
201606,BILDU,periph_left,184713,2,0.0076791752472742825,2016-06-26
201606,CC,periph_right,78253,1,0.0032532550531091716,2016-06-26
201904,PSOE,left,7513142,123,0.2867461401161031,2019-04-28
201904,PP,right,4373653,66,0.16692458574018895,2019-04-28
201904,CS,right,4155665,57,0.1586048684246332,2019-04-28
201904,UP,left,3751145,42,0.1431659816579827,2019-04-28
201904,VOX,right,2688092,24,0.10259356275669697,2019-04-28
201904,ERC,periph_left,1020392,15,0.038944221659240656,2019-04-28
201904,OTHER,other,543459,0,0.02074162455086797,2019-04-28
201904,JUNTS,periph_right,500787,7,0.019113007483463364,2019-04-28
201904,PNV,periph_right,395884,6,0.015109285693485276,2019-04-28
201904,PACMA,other,328299,0,0.012529840518650722,2019-04-28
201904,BILDU,periph_left,259647,4,0.009909672283942699,2019-04-28
201904,COMPROMIS,periph_left,173821,1,0.006634042165198149,2019-04-28
201904,CC,periph_right,137664,2,0.005254076208454894,2019-04-28
201904,UPN,periph_right,107619,2,0.004107380487837831,2019-04-28
201904,PRC,periph_right,52266,1,0.0019947811127898614,2019-04-28
201911,PSOE,left,6792199,120,0.27999567816742427,2019-11-10
201911,PP,right,5047040,89,0.20805476805643017,2019-11-10
201911,VOX,right,3656979,52,0.15075210769723163,2019-11-10
201911,UP,left,3119364,35,0.1285899365773955,2019-11-10
201911,CS,right,1650318,10,0.06803126757651054,2019-11-10
201911,ERC,periph_left,874859,13,0.03606442317221192,2019-11-10
201911,JUNTS,periph_right,530225,8,0.02185753221546108,2019-11-10
201911,OTHER,other,527377,0,0.02174012875136634,2019-11-10
201911,PNV,periph_right,379002,6,0.015623647366163762,2019-11-10
201911,MASPAIS,left,330345,2,0.013617853703081693,2019-11-10
201911,BILDU,periph_left,277621,5,0.011444405584777256,2019-11-10
201911,CUP,periph_left,246971,2,0.010180916759459924,2019-11-10
201911,COMPROMIS,periph_left,176287,1,0.007267101290333325,2019-11-10
201911,CC,periph_right,124289,2,0.005123581161822702,2019-11-10
201911,BNG,periph_left,120456,1,0.004965572918186769,2019-11-10
201911,UPN,periph_right,99078,2,0.004084304921200345,2019-11-10
201911,PRC,periph_right,68830,1,0.0028373877927109926,2019-11-10
201911,TE,other,19761,1,0.0008146102015365673,2019-11-10
202307,PP,right,8160837,137,0.3305576896257697,2023-07-23
202307,PSOE,left,7821718,121,0.3168215504101229,2023-07-23
202307,VOX,right,3057000,33,0.12382490388988017,2023-07-23
202307,SUMAR,left,3044996,31,0.1233386774763067,2023-07-23
202307,OTHER,other,606450,0,0.024564479216230888,2023-07-23
202307,ERC,periph_left,466020,7,0.018876310667570152,2023-07-23
202307,JUNTS,periph_right,395429,7,0.016016996375620356,2023-07-23
202307,BILDU,periph_left,335129,6,0.013574522805270413,2023-07-23
202307,PNV,periph_right,277289,5,0.011231692435302905,2023-07-23
202307,BNG,periph_left,153995,1,0.006237623838574451,2023-07-23
202307,CC,periph_right,116363,1,0.004713325904919243,2023-07-23
202307,UPN,periph_right,52188,1,0.00211389404128396,2023-07-23
