cycle,party,actual_share,model_q05,model_q50,model_q95,poll_avg,last_election,actual_seats,seats_q05,seats_q50,seats_q95,seats_poll_avg,seats_last_election
e2016,PP,33.014537647032654,27.36913843336366,29.56669678813683,32.02070728727985,29.57391304347826,28.70522848215006,137,110.0,119.0,130.0,118,114
e2016,PSOE,22.632000700098594,20.56578462188191,21.421309979647546,22.055387007088626,21.117391304347827,21.995343915646124,85,73.0,80.0,86.0,82,87
e2016,UP,21.15070183428741,23.41008880304651,24.28993614102452,25.462767568355954,24.191304347826087,24.352139057573083,71,77.0,85.0,92.0,84,85
e2016,CS,13.06062192784453,12.893180959830316,14.849998175246991,17.036965783130768,15.008695652173913,13.940281491884218,32,30.0,40.0,51.0,41,36
e2016,ERC,2.628421217394124,2.1437025979617115,2.394376243386291,2.602133540076911,2.3,2.386952238465327,9,7.0,9.0,10.0,8,9
e2016,JUNTS,2.01003128201813,1.5836102629180504,1.866242086327101,2.146593658106597,1.8071428571428572,2.2499938817149268,8,5.0,7.0,9.0,6,8
e2016,PNV,1.1932191044599896,1.0532637600909018,1.163992878523314,1.284645384109339,1.1785714285714286,1.1991283436923734,5,3.0,5.0,6.0,5,5
e2016,BILDU,0.7679175247274282,0.6662750754539354,0.805491367264208,0.964410196453013,0.8285714285714287,0.8691534629711669,2,1.0,2.0,3.0,2,2
e2016,CC,0.32532550531091714,0.20394353624173753,0.27873836000907437,0.34070920242210306,0.3,0.32492159373056057,1,0.0,1.0,1.0,1,1
